,ward code,ward name,Provides no unpaid care,Provides 1 to 19 hours unpaid care a week,Provides 20 to 49 hours unpaid care a week,Provides 50 or more hours unpaid care a week,Very good health,Good health,Fair health,Bad health,Very bad health
0,E09000001,City of London,6799,455,51,70,4112,2374,643,190,56
1,E05000026,Abbey,11922,501,168,195,6555,4418,1260,433,120
2,E05000027,Alibon,9449,475,176,285,4835,3574,1279,514,183
3,E05000028,Becontree,10551,563,166,265,5415,3861,1465,631,173
4,E05000029,Chadwell Heath,9059,529,159,274,4385,3430,1524,534,148
5,E05000030,Eastbrook,9495,563,166,282,4844,3602,1439,473,148
6,E05000031,Eastbury,10580,536,206,302,5440,3896,1540,551,197
7,E05000032,Gascoigne,11609,431,176,236,6298,3986,1441,555,172
8,E05000033,Goresbrook,10283,472,218,294,5287,3748,1516,555,161
9,E05000034,Heath,9831,470,169,316,4837,3652,1576,539,182
10,E05000035,Longbridge,10385,687,188,218,5601,3994,1360,397,126
11,E05000036,Mayesbrook,9329,528,173,312,4674,3507,1438,557,166
12,E05000037,Parsloes,8926,436,185,292,4557,3246,1335,533,168
13,E05000038,River,9991,469,165,298,5187,3678,1466,465,127
14,E05000039,Thames,9957,396,164,211,5547,3321,1263,456,141
15,E05000040,Valence,8910,512,142,303,4391,3369,1357,585,165
16,E05000041,Village,9901,463,164,259,5013,3655,1464,503,152
17,E05000042,Whalebone,9532,606,156,281,4953,3783,1319,405,115
18,E05000043,Brunswick Park,14669,1162,222,341,8049,5616,1964,582,183
19,E05000044,Burnt Oak,16658,833,308,418,8577,6381,2148,828,283
20,E05000045,Childs Hill,18417,1117,247,268,10500,6479,2062,733,275
21,E05000046,Colindale,15913,701,205,279,8344,6048,1889,622,195
22,E05000047,Coppetts,15795,956,229,270,8793,5780,1805,662,210
23,E05000048,East Barnet,14492,1110,212,323,8186,5362,1851,572,166
24,E05000049,East Finchley,14687,867,195,240,8278,5094,1863,567,187
25,E05000050,Edgware,15085,1087,247,309,8684,5383,1943,545,173
26,E05000051,Finchley Church End,14259,990,223,243,8340,5094,1716,439,126
27,E05000052,Garden Suburb,14596,1008,139,186,9287,4853,1358,309,122
28,E05000053,Golders Green,17239,1056,229,294,10538,5565,1890,612,213
29,E05000054,Hale,15713,1107,246,371,8709,6007,1915,584,222
30,E05000055,Hendon,17042,924,220,286,9898,5921,1902,546,205
31,E05000056,High Barnet,13736,1150,177,244,7937,5001,1716,462,191
32,E05000057,Mill Hill,16647,1203,253,348,9832,6048,1831,577,163
33,E05000058,Oakleigh,14218,1106,176,311,8147,5211,1722,525,206
34,E05000059,Totteridge,13698,1052,170,239,8041,4907,1611,469,131
35,E05000060,Underhill,14242,1094,199,380,7482,5420,2128,671,214
36,E05000061,West Finchley,15167,928,207,231,8661,5391,1782,561,138
37,E05000062,West Hendon,15900,931,243,328,8554,5989,1995,636,228
38,E05000063,Woodhouse,15893,1105,239,338,8616,5958,2081,695,225
39,E05000064,Barnehurst,9300,728,129,261,4881,3688,1381,348,120
40,E05000065,Belvedere,10811,618,175,286,5627,4160,1475,480,148
41,E05000066,Blackfen and Lamorbey,9495,753,115,253,5200,3710,1264,349,93
42,E05000067,Blendon and Penhill,9741,757,138,274,5476,3737,1256,357,84
43,E05000068,Brampton,9253,835,172,286,4909,3820,1350,381,86
44,E05000069,Christchurch,9868,742,135,220,5124,3897,1488,338,118
45,E05000070,Colyers,10041,641,141,305,5078,3923,1461,509,157
46,E05000071,Crayford,10150,631,155,290,5106,4017,1490,477,136
47,E05000072,Cray Meadows,9994,738,149,326,5119,3869,1550,503,166
48,E05000073,Danson Park,9739,723,130,272,5098,3868,1401,398,99
49,E05000074,East Wickham,9626,758,163,311,4885,3885,1506,464,118
50,E05000075,Erith,10961,633,156,303,5912,4047,1455,493,146
51,E05000076,Falconwood and Welling,9644,805,133,218,5236,3956,1217,292,99
52,E05000077,Lesnes Abbey,10207,682,176,281,5394,3775,1555,491,131
53,E05000078,Longlands,9370,752,104,216,5083,3446,1384,422,107
54,E05000079,North End,10502,526,185,353,5575,3783,1541,513,154
55,E05000080,Northumberland Heath,9448,730,144,276,4955,3841,1321,371,110
56,E05000081,St Mary's,9350,788,105,248,5247,3594,1236,329,85
57,E05000082,St Michael's,9966,682,180,307,5498,3926,1254,353,104
58,E05000083,Sidcup,9778,763,101,202,5347,3740,1247,393,117
59,E05000084,Thamesmead East,11231,467,165,231,6573,3764,1183,427,147
60,E05000085,Alperton,12756,716,268,277,6361,5358,1686,463,149
61,E05000086,Barnhill,14391,806,279,296,7476,5481,1914,670,231
62,E05000087,Brondesbury Park,12014,659,152,198,6664,4117,1473,584,185
63,E05000088,Dollis Hill,12240,665,239,281,6327,4669,1701,566,162
64,E05000089,Dudden Hill,13862,706,234,257,7252,5204,1824,596,183
65,E05000090,Fryent,12243,733,200,269,6383,4825,1577,494,166
66,E05000091,Harlesden,15858,754,229,321,8095,5815,2125,814,313
67,E05000092,Kensal Green,13753,737,178,247,7451,4925,1682,640,217
68,E05000093,Kenton,10799,900,184,250,5502,4453,1604,416,158
69,E05000094,Kilburn,15773,733,223,260,8448,5535,1935,796,275
70,E05000095,Mapesbury,14463,683,162,221,8061,5090,1630,552,196
71,E05000096,Northwick Park,11553,807,222,229,6268,4639,1392,384,128
72,E05000097,Preston,14043,870,249,312,7309,5623,1820,540,182
73,E05000098,Queens Park,14150,739,163,229,8392,4715,1499,503,172
74,E05000099,Queensbury,13679,856,295,325,6853,5588,1877,641,196
75,E05000100,Stonebridge,15414,776,288,425,8115,5383,2238,868,299
76,E05000101,Sudbury,13513,816,305,316,7094,5379,1681,587,209
77,E05000102,Tokyngton,13802,751,262,290,6905,5642,1795,537,226
78,E05000103,Welsh Harp,12498,724,230,301,6118,5073,1794,545,223
79,E05000104,Wembley Central,13265,773,364,325,6928,5260,1753,577,209
80,E05000105,Willesden Green,14536,609,212,230,7693,5395,1731,566,202
81,E05000106,Bickley,13596,1080,155,267,7974,4885,1636,450,153
82,E05000107,Biggin Hill,8907,743,107,194,5029,3484,1096,282,60
83,E05000108,Bromley Common and Keston,13572,990,199,352,7591,5089,1772,515,146
84,E05000109,Bromley Town,15358,1094,147,227,8946,5634,1679,457,110
85,E05000110,Chelsfield and Pratts Bottom,12937,1120,158,292,7520,4958,1573,362,94
86,E05000111,Chislehurst,13322,1083,138,288,7645,4890,1702,441,153
87,E05000112,Clock House,14249,934,145,232,8015,5279,1682,462,122
88,E05000113,Copers Cope,14056,990,135,211,7837,5391,1627,418,119
89,E05000114,Cray Valley East,13853,930,224,438,6949,5481,2139,673,203
90,E05000115,Cray Valley West,15042,971,238,518,7685,5679,2343,793,269
91,E05000116,Crystal Palace,11349,587,138,181,5895,4202,1506,514,138
92,E05000117,Darwin,4483,432,69,126,2600,1673,657,135,45
93,E05000118,Farnborough and Crofton,12960,1165,160,347,7236,4998,1864,435,99
94,E05000119,Hayes and Coney Hall,14153,1262,182,309,8219,5478,1714,385,110
95,E05000120,Kelsey and Eden Park,14143,1257,165,327,8289,5303,1730,455,115
96,E05000121,Mottingham and Chislehurst North,8988,563,162,274,4559,3426,1419,456,127
97,E05000122,Orpington,13616,1092,192,411,7108,5503,2006,551,143
98,E05000123,Penge and Cator,15909,927,179,311,8524,5910,2063,646,183
99,E05000124,Petts Wood and Knoll,12112,1126,136,277,7089,4676,1453,347,86
100,E05000125,Plaistow and Sundridge,13741,955,145,281,7427,5164,1812,540,179
101,E05000126,Shortlands,8773,794,106,151,5222,3308,1006,235,53
102,E05000127,West Wickham,13261,1179,159,285,7639,5163,1619,352,111
103,E05000128,Belsize,11868,593,105,136,7344,3759,1109,380,110
104,E05000129,Bloomsbury,10210,523,60,99,6061,3285,1042,370,134
105,E05000130,Camden Town with Primrose Hill,11492,787,157,177,6897,3714,1290,532,180
106,E05000131,Cantelowes,10847,703,166,209,6036,3834,1292,602,161
107,E05000132,Fortune Green,10884,553,132,171,6514,3645,1049,403,129
108,E05000133,Frognal and Fitzjohns,11169,629,72,116,7393,3333,948,221,91
109,E05000134,Gospel Oak,10162,697,177,228,5625,3402,1332,664,241
110,E05000135,Hampstead Town,10376,681,79,134,6877,3111,899,291,92
111,E05000136,Haverstock,11302,664,155,243,6005,3868,1576,680,235
112,E05000137,Highgate,9736,887,133,199,5690,3417,1193,467,188
113,E05000138,Holborn and Covent Garden,12049,623,166,185,6634,4118,1461,607,203
114,E05000139,Kentish Town,12415,681,125,196,7084,4182,1409,542,200
115,E05000140,Kilburn,11101,582,158,197,5720,3865,1530,695,228
116,E05000141,King's Cross,11103,472,107,161,6386,3603,1236,448,170
117,E05000142,Regent's Park,12482,610,201,235,7046,4127,1512,624,219
118,E05000143,St Pancras and Somers Town,12589,707,201,321,6361,4469,1858,814,316
119,E05000144,Swiss Cottage,12026,604,118,152,7328,3924,1164,361,123
120,E05000145,West Hampstead,11221,555,125,159,6691,3678,1063,473,155
121,E05000146,Addiscombe,15583,872,187,241,8015,6126,1927,624,191
122,E05000147,Ashburton,13195,976,199,351,6880,5378,1806,518,139
123,E05000148,Bensham Manor,14831,849,219,302,7747,5813,1880,574,187
124,E05000149,Broad Green,17163,794,313,382,8752,6691,2224,753,232
125,E05000150,Coulsdon East,10916,913,127,288,5759,4372,1585,416,112
126,E05000151,Coulsdon West,12116,959,170,204,6806,4598,1536,401,108
127,E05000152,Croham,14436,982,184,188,8144,5449,1650,421,126
128,E05000153,Fairfield,15322,847,178,222,8237,5856,1804,506,166
129,E05000154,Fieldway,10417,517,196,349,5326,3847,1565,583,158
130,E05000155,Heathfield,11828,964,156,265,6257,4715,1690,440,111
131,E05000156,Kenley,13517,1036,165,248,7620,5147,1652,416,131
132,E05000157,New Addington,9705,586,190,320,4749,3769,1623,492,168
133,E05000158,Norbury,14870,1016,239,351,7721,6001,1999,562,193
134,E05000159,Purley,13222,1049,128,208,7446,5024,1578,421,138
135,E05000160,Sanderstead,11259,1113,138,267,6505,4425,1380,367,100
136,E05000161,Selhurst,16619,871,257,340,8438,6277,2294,804,274
137,E05000162,Selsdon and Ballards,10306,1016,140,257,5727,4265,1326,317,84
138,E05000163,Shirley,12674,1097,203,322,6717,5207,1752,473,147
139,E05000164,South Norwood,15191,895,207,225,7837,5885,1997,612,187
140,E05000165,Thornton Heath,15147,889,229,274,7960,5870,1927,601,181
141,E05000166,Upper Norwood,14555,1035,188,304,7771,5685,1905,526,195
142,E05000167,Waddon,15604,908,222,343,7955,6003,2240,639,240
143,E05000168,West Thornton,15871,976,319,323,8236,6246,2113,687,207
144,E05000169,Woodside,15348,903,196,296,7979,5985,2020,581,178
145,E05000170,Acton Central,14329,699,179,220,7822,5067,1731,612,195
146,E05000171,Cleveland,13359,828,154,217,7701,4656,1507,533,161
147,E05000172,Dormers Wells,12514,754,305,337,6262,4863,1901,658,226
148,E05000173,Ealing Broadway,12945,768,145,171,7610,4539,1320,443,117
149,E05000174,Ealing Common,12951,741,139,188,7315,4654,1450,459,141
150,E05000175,East Acton,17373,806,223,304,9582,6302,1871,731,220
151,E05000176,Elthorne,13435,695,188,221,7371,4907,1568,543,150
152,E05000177,Greenford Broadway,16166,813,281,365,8165,6252,2233,731,244
153,E05000178,Greenford Green,13126,751,199,273,6655,5381,1663,502,148
154,E05000179,Hanger Hill,14348,793,175,245,8233,5302,1494,413,119
155,E05000180,Hobbayne,12978,783,185,283,6796,4976,1723,551,183
156,E05000181,Lady Margaret,12428,841,298,330,6207,5164,1838,525,163
157,E05000182,Northfield,12427,814,108,168,7453,4399,1212,331,122
158,E05000183,North Greenford,13389,797,267,260,6794,5585,1725,446,163
159,E05000184,Northolt Mandeville,13887,749,206,341,6942,5671,1842,554,174
160,E05000185,Northolt West End,13770,737,290,324,6902,5369,1960,651,239
161,E05000186,Norwood Green,12467,899,326,340,6401,4654,1977,752,248
162,E05000187,Perivale,14004,806,250,279,7024,5748,1906,528,133
163,E05000188,South Acton,13734,700,179,260,7359,4816,1699,738,261
164,E05000189,Southall Broadway,12046,721,350,322,5938,4799,1755,716,231
165,E05000190,Southall Green,13135,782,330,332,6615,5282,1804,642,236
166,E05000191,Southfield,12509,702,122,141,7863,4048,1051,384,128
167,E05000192,Walpole,12356,689,134,151,7375,4278,1191,374,112
168,E05000193,Bowes,12822,771,213,245,6754,4881,1654,550,212
169,E05000194,Bush Hill Park,12501,987,178,257,6533,4995,1753,493,149
170,E05000195,Chase,12478,826,165,293,6581,4692,1696,606,187
171,E05000196,Cockfosters,12362,967,190,269,6700,4635,1803,506,144
172,E05000197,Edmonton Green,16551,764,287,347,8082,6141,2505,913,308
173,E05000198,Enfield Highway,14779,717,226,305,7172,5786,2126,687,256
174,E05000199,Enfield Lock,15159,775,191,344,7772,5775,2018,677,227
175,E05000200,Grange,11418,987,117,187,6441,4265,1487,388,128
176,E05000201,Haselbury,14879,766,256,362,7149,5954,2139,744,277
177,E05000202,Highlands,11670,907,152,277,6299,4439,1676,466,126
178,E05000203,Jubilee,13155,684,188,328,6323,5123,1979,698,232
179,E05000204,Lower Edmonton,15262,704,224,341,7514,5795,2161,810,251
180,E05000205,Palmers Green,13796,844,221,301,7148,5254,1929,647,184
181,E05000206,Ponders End,14367,763,198,336,7117,5551,2064,690,242
182,E05000207,Southbury,13316,714,170,306,6752,5252,1756,601,145
183,E05000208,Southgate,13154,868,191,241,7141,4945,1693,533,142
184,E05000209,Southgate Green,12429,918,184,256,6629,4853,1653,488,164
185,E05000210,Town,13470,994,156,286,7261,5250,1791,459,145
186,E05000211,Turkey Street,13047,756,208,366,6297,5204,1984,701,191
187,E05000212,Upper Edmonton,16054,716,250,354,7732,6186,2336,799,321
188,E05000213,Winchmore Hill,12173,871,166,193,6954,4418,1496,384,151
189,E05000214,Abbey Wood,14318,744,276,366,7735,5088,1893,746,242
190,E05000215,Blackheath Westcombe,11822,758,123,172,6964,4000,1342,426,143
191,E05000216,Charlton,13175,689,205,316,7006,4769,1738,669,203
192,E05000217,Coldharbour and New Eltham,11573,919,187,383,5918,4615,1775,601,153
193,E05000218,Eltham North,11102,959,151,307,6008,4345,1558,476,132
194,E05000219,Eltham South,11273,840,160,268,5813,4516,1600,478,134
195,E05000220,Eltham West,9270,593,171,365,4599,3563,1478,573,186
196,E05000221,Glyndon,16691,823,317,340,9169,5889,2075,772,266
197,E05000222,Greenwich West,15549,636,140,202,9119,5301,1471,491,145
198,E05000223,Kidbrooke with Hornfair,12913,760,230,397,6798,4724,1877,687,214
199,E05000224,Middle Park and Sutcliffe,12022,845,228,410,6273,4560,1813,659,200
200,E05000225,Peninsula,13068,607,140,236,7563,4346,1484,508,150
201,E05000226,Plumstead,15245,848,267,376,8257,5635,1974,662,208
202,E05000227,Shooters Hill,12076,885,176,296,6449,4748,1587,529,120
203,E05000228,Thamesmead Moorings,18433,701,241,355,10912,6122,1779,676,241
204,E05000229,Woolwich Common,16188,751,254,306,9154,5567,1845,690,243
205,E05000230,Woolwich Riverside,17825,727,253,315,9904,6087,2097,777,255
206,E05000231,Brownswood,10318,473,120,180,5819,3472,1167,476,157
207,E05000232,Cazenove,12483,568,152,189,7852,3713,1194,452,181
208,E05000233,Chatham,12266,528,176,262,6459,4350,1565,656,202
209,E05000234,Clissold,11318,602,127,165,6592,3777,1140,525,178
210,E05000235,Dalston,13779,596,144,208,7588,4791,1540,585,223
211,E05000236,De Beauvoir,12743,548,145,207,7418,4182,1290,549,204
212,E05000237,Hackney Central,11649,523,172,204,6118,4065,1507,634,224
213,E05000238,Hackney Downs,11952,542,209,218,6368,4093,1578,646,236
214,E05000239,Haggerston,13056,490,166,192,7356,4292,1413,643,200
215,E05000240,Hoxton,14259,546,169,200,7820,4781,1657,683,233
216,E05000241,King's Park,10147,526,191,234,5367,3440,1423,605,263
217,E05000242,Leabridge,12912,695,176,256,6897,4667,1537,622,316
218,E05000243,Lordship,11357,571,151,201,7178,3230,1187,512,173
219,E05000244,New River,11565,577,170,239,7135,3351,1283,553,229
220,E05000245,Queensbridge,12608,646,155,261,6757,4282,1668,699,264
221,E05000246,Springfield,11397,584,164,233,6988,3296,1304,585,205
222,E05000247,Stoke Newington Central,11557,583,146,159,6468,3953,1300,544,180
223,E05000248,Victoria,12188,644,184,215,6619,4182,1587,632,211
224,E05000249,Wick,10768,492,177,297,5643,3782,1497,582,230
225,E05000250,Addison,10829,456,110,123,6560,3498,973,357,130
226,E05000251,Askew,13199,648,142,171,7589,4428,1381,566,196
227,E05000252,Avonmore and Brook Green,11523,472,86,135,6849,3694,1128,413,132
228,E05000253,College Park and Old Oak,8351,484,138,202,4475,2973,1154,398,175
229,E05000254,Fulham Broadway,10221,482,104,189,6133,3172,1067,442,182
230,E05000255,Fulham Reach,10564,458,122,162,6505,3286,1002,379,134
231,E05000256,Hammersmith Broadway,11005,587,139,192,6340,3576,1273,548,186
232,E05000257,Munster,10375,413,95,121,6842,2943,819,299,101
233,E05000258,North End,10884,466,116,123,6597,3406,1069,380,137
234,E05000259,Palace Riverside,6874,434,78,97,4586,1973,647,214,63
235,E05000260,Parsons Green and Walham,10157,468,80,108,6868,2762,818,278,87
236,E05000261,Ravenscourt Park,10007,565,98,115,6204,2994,1057,386,144
237,E05000262,Sands End,11976,463,113,208,7380,3690,1119,413,158
238,E05000263,Shepherd's Bush Green,11364,497,138,176,6363,3864,1242,509,197
239,E05000264,Town,10566,415,98,122,6929,3017,841,316,98
240,E05000265,Wormholt and White City,12264,628,210,287,6816,4098,1598,633,244
241,E05000266,Alexandra,10796,739,103,157,6919,3485,962,322,107
242,E05000267,Bounds Green,12762,562,184,217,6464,4977,1523,555,206
243,E05000268,Bruce Grove,13367,608,200,308,6538,5251,1763,671,260
244,E05000269,Crouch End,11537,662,88,108,7326,3774,923,261,111
245,E05000270,Fortis Green,11503,733,77,175,7294,3631,1133,323,107
246,E05000271,Harringay,12392,564,112,204,6659,4512,1399,536,166
247,E05000272,Highgate,10838,617,82,95,6739,3581,926,321,65
248,E05000273,Hornsey,11755,604,99,201,6558,4015,1376,526,184
249,E05000274,Muswell Hill,9920,690,52,122,6357,3136,930,263,98
250,E05000275,Noel Park,12838,653,170,278,6249,4874,1776,758,282
251,E05000276,Northumberland Park,13416,493,230,290,6292,5069,2024,752,292
252,E05000277,St Ann's,13577,609,192,260,6712,5175,1792,727,232
253,E05000278,Seven Sisters,14882,641,205,240,8468,4922,1690,637,251
254,E05000279,Stroud Green,10912,615,103,128,6368,3712,1139,410,129
255,E05000280,Tottenham Green,13514,591,198,277,6287,5391,1818,772,312
256,E05000281,Tottenham Hale,13910,660,203,291,6653,5559,1904,709,239
257,E05000282,West Green,12401,566,185,220,6054,4678,1702,698,240
258,E05000283,White Hart Lane,12295,589,218,329,5888,4651,1846,773,273
259,E05000284,Woodside,13424,616,203,271,6660,5174,1818,636,226
260,E05000285,Belmont,10142,843,193,165,5499,4230,1194,345,75
261,E05000286,Canons,10941,958,252,320,5924,4275,1580,534,158
262,E05000287,Edgware,10530,648,224,251,5307,4390,1428,397,131
263,E05000288,Greenhill,11445,639,175,161,6081,4514,1301,397,127
264,E05000289,Harrow on the Hill,11232,714,152,172,6348,4137,1268,406,111
265,E05000290,Harrow Weald,10112,815,198,251,5323,4007,1430,473,143
266,E05000291,Hatch End,9460,864,146,223,5078,3870,1283,338,124
267,E05000292,Headstone North,8889,828,164,212,4826,3693,1160,330,84
268,E05000293,Headstone South,9969,784,183,199,5584,3930,1186,329,106
269,E05000294,Kenton East,9928,712,235,263,4750,4233,1562,465,128
270,E05000295,Kenton West,9859,855,221,238,5044,4259,1375,353,142
271,E05000296,Marlborough,11110,740,189,220,5738,4484,1471,412,154
272,E05000297,Pinner,8970,760,110,186,4861,3459,1273,323,110
273,E05000298,Pinner South,9326,793,112,180,5480,3568,1048,255,60
274,E05000299,Queensbury,10834,670,243,237,5462,4472,1478,414,158
275,E05000300,Rayners Lane,9933,783,188,220,5194,4203,1304,322,101
276,E05000301,Roxbourne,11643,692,214,279,6100,4536,1505,522,165
277,E05000302,Roxeth,10511,717,178,257,5442,4388,1352,369,112
278,E05000303,Stanmore Park,9900,827,205,297,5271,3708,1535,527,188
279,E05000304,Wealdstone,10355,621,193,225,5450,3928,1427,429,160
280,E05000305,West Harrow,9347,626,172,228,4969,3785,1169,349,101
281,E05000306,Brooklands,13667,818,161,311,7107,5290,1814,544,202
282,E05000307,Cranham,11095,967,155,311,5955,4337,1626,480,130
283,E05000308,Elm Park,11140,803,190,333,5435,4542,1772,576,141
284,E05000309,Emerson Park,10564,980,172,261,5776,4279,1406,404,112
285,E05000310,Gooshays,13233,804,229,426,6222,5194,2232,809,235
286,E05000311,Hacton,10918,889,162,293,5559,4572,1604,393,134
287,E05000312,Harold Wood,11187,935,178,350,5753,4508,1681,553,155
288,E05000313,Havering Park,11613,809,198,380,5768,4661,1826,588,157
289,E05000314,Heaton,11249,680,231,410,5218,4404,2029,675,244
290,E05000315,Hylands,11453,984,196,319,6237,4573,1600,427,115
291,E05000316,Mawneys,11563,796,187,369,5779,4646,1817,525,148
292,E05000317,Pettits,11468,1009,164,314,6178,4556,1651,439,131
293,E05000318,Rainham and Wennington,11156,837,195,294,5601,4549,1684,499,149
294,E05000319,Romford Town,14425,993,200,303,7610,5585,1950,604,172
295,E05000320,St Andrew's,11922,948,162,302,5968,4831,1856,547,132
296,E05000321,South Hornchurch,12177,778,201,388,6107,4824,1852,593,168
297,E05000322,Squirrel's Heath,11891,916,169,218,6566,4636,1464,422,106
298,E05000323,Upminster,11297,1148,135,253,6292,4391,1628,386,136
299,E05000324,Barnhill,12258,675,243,273,6275,4853,1649,512,160
300,E05000325,Botwell,13677,734,274,349,7006,5316,1860,634,218
301,E05000326,Brunel,12601,776,181,283,7103,4617,1507,482,132
302,E05000327,Cavendish,10392,863,160,243,5910,4034,1268,359,87
303,E05000328,Charville,11450,708,191,273,6001,4529,1554,422,116
304,E05000329,Eastcote and East Ruislip,10753,1001,144,244,6134,4322,1298,313,75
305,E05000330,Harefield,6602,507,97,193,3416,2606,962,309,106
306,E05000331,Heathrow Villages,11293,550,142,214,5701,4631,1361,388,118
307,E05000332,Hillingdon East,11707,751,153,295,6400,4497,1468,426,115
308,E05000333,Ickenham,9168,889,130,200,5406,3487,1164,258,72
309,E05000334,Manor,10346,751,124,221,5727,4061,1257,311,86
310,E05000335,Northwood,9369,813,109,178,5111,3630,1241,383,104
311,E05000336,Northwood Hills,10339,849,158,232,5566,4143,1374,383,112
312,E05000337,Pinkwell,13440,744,270,313,7141,5258,1708,519,141
313,E05000338,South Ruislip,11268,705,155,236,6012,4457,1423,377,95
314,E05000339,Townfield,12766,756,285,299,6603,4940,1742,608,213
315,E05000340,Uxbridge North,10801,885,179,183,6049,4200,1303,379,117
316,E05000341,Uxbridge South,12912,764,117,186,7225,4782,1407,445,120
317,E05000342,West Drayton,13055,772,179,364,6869,5001,1754,582,164
318,E05000343,West Ruislip,9549,745,115,202,5254,3707,1217,331,102
319,E05000344,Yeading,12412,689,242,243,6623,4918,1420,476,149
320,E05000345,Yiewsley,11873,636,168,302,6095,4658,1555,507,164
321,E05000346,Bedfont,11570,625,182,324,5836,4609,1604,498,154
322,E05000347,Brentford,13286,677,130,260,7143,4909,1580,550,171
323,E05000348,Chiswick Homefields,10474,684,84,104,6789,3259,946,267,85
324,E05000349,Chiswick Riverside,10594,730,108,111,6715,3397,1023,309,99
325,E05000350,Cranford,11203,611,236,280,5765,4297,1581,541,146
326,E05000351,Feltham North,10484,625,174,280,5144,4146,1600,481,192
327,E05000352,Feltham West,14300,758,177,306,7729,5723,1508,450,131
328,E05000353,Hanworth,11051,645,174,285,5411,4542,1541,520,141
329,E05000354,Hanworth Park,10331,676,152,249,5327,4129,1405,427,120
330,E05000355,Heston Central,11034,722,240,292,5532,4551,1519,520,166
331,E05000356,Heston East,11057,787,214,261,5716,4510,1504,437,152
332,E05000357,Heston West,11201,718,235,284,5674,4407,1631,540,186
333,E05000358,Hounslow Central,14021,674,250,224,7498,5509,1592,428,142
334,E05000359,Hounslow Heath,13519,703,247,258,7085,5343,1595,549,155
335,E05000360,Hounslow South,10320,731,150,207,5502,4177,1295,355,79
336,E05000361,Hounslow West,11464,691,255,248,5699,4725,1530,533,171
337,E05000362,Isleworth,10983,645,128,221,5933,4042,1337,507,158
338,E05000363,Osterley and Spring Grove,11766,854,187,224,6574,4717,1272,342,126
339,E05000364,Syon,12406,739,176,233,6927,4662,1345,482,138
340,E05000365,Turnham Green,10583,602,124,139,6443,3410,1144,349,102
341,E05000366,Barnsbury,11295,589,138,179,6579,3699,1190,523,210
342,E05000367,Bunhill,13644,620,125,250,7903,4523,1441,581,191
343,E05000368,Caledonian,12725,668,203,300,6796,4327,1753,750,270
344,E05000369,Canonbury,11090,581,153,248,6096,3748,1409,593,226
345,E05000370,Clerkenwell,10634,531,134,191,6038,3491,1268,513,180
346,E05000371,Finsbury Park,13315,612,180,251,6911,4494,1832,814,307
347,E05000372,Highbury East,10690,648,116,180,6539,3341,1156,444,154
348,E05000373,Highbury West,13950,661,153,266,8351,4482,1471,549,177
349,E05000374,Hillrise,10686,686,171,251,5815,3683,1430,638,228
350,E05000375,Holloway,13835,648,190,310,7574,4662,1748,722,277
351,E05000376,Junction,10979,702,153,191,5957,3758,1495,585,230
352,E05000377,Mildmay,11884,611,178,244,6612,3992,1465,657,191
353,E05000378,St George's,11347,701,151,201,6135,4030,1449,575,211
354,E05000379,St Mary's,10670,537,147,199,6214,3444,1172,553,170
355,E05000380,St Peter's,10832,596,142,252,6342,3507,1208,541,224
356,E05000381,Tollington,12238,653,171,249,6524,4201,1626,733,227
357,E05000382,Abingdon,9404,417,84,108,6113,2828,721,246,105
358,E05000383,Brompton,8367,334,70,68,5567,2473,555,185,59
359,E05000384,Campden,7693,371,50,64,5132,2276,558,166,46
360,E05000385,Colville,7730,412,112,123,4492,2435,903,397,150
361,E05000386,Courtfield,8489,357,46,41,5855,2335,524,177,42
362,E05000387,Cremorne,7271,427,105,161,3975,2328,1091,440,130
363,E05000388,Earl's Court,8508,429,83,84,5161,2551,918,359,115
364,E05000389,Golborne,8089,503,144,201,3982,2839,1305,589,222
365,E05000390,Hans Town,8226,392,84,90,5102,2620,749,230,91
366,E05000391,Holland,9125,435,94,113,5909,2804,717,241,96
367,E05000392,Norland,7926,493,107,149,4891,2442,872,345,125
368,E05000393,Notting Barns,8655,508,154,220,4547,2988,1247,564,191
369,E05000394,Pembridge,7172,365,50,72,4752,2067,601,173,66
370,E05000395,Queen's Gate,9346,389,57,55,6433,2709,528,136,41
371,E05000396,Redcliffe,8731,399,51,64,5929,2445,617,195,59
372,E05000397,Royal Hospital,6743,405,45,59,4324,2029,663,180,56
373,E05000398,St Charles,8471,491,166,215,4502,2844,1279,513,205
374,E05000399,Stanley,7725,345,50,67,5098,2176,616,221,76
375,E05000400,Alexandra,8340,621,115,170,4621,3304,1017,247,57
376,E05000401,Berrylands,8699,561,71,106,5024,2967,1055,286,105
377,E05000402,Beverley,9227,607,122,153,5102,3458,1102,352,95
378,E05000403,Canbury,11665,503,67,138,7477,3672,876,258,90
379,E05000404,Chessington North and Hook,7802,607,129,203,4174,3073,1101,312,81
380,E05000405,Chessington South,9257,677,113,185,5017,3664,1180,306,65
381,E05000406,Coombe Hill,9563,554,110,130,5724,3256,1037,268,72
382,E05000407,Coombe Vale,8853,618,124,155,5226,3247,965,235,77
383,E05000408,Grove,10327,456,74,98,5996,3646,938,282,93
384,E05000409,Norbiton,9379,441,118,169,5176,3370,1098,384,79
385,E05000410,Old Malden,8447,657,138,189,4655,3416,1044,258,58
386,E05000411,St James,7986,685,109,189,4287,3193,1113,282,94
387,E05000412,St Mark's,9901,463,58,61,5825,3532,857,211,58
388,E05000413,Surbiton Hill,9673,593,78,115,5624,3441,1029,288,77
389,E05000414,Tolworth and Hook Rise,8954,604,103,172,4814,3494,1157,271,97
390,E05000415,Tudor,8699,684,82,113,5590,2865,856,198,69
391,E05000416,Bishop's,9032,437,80,126,5029,3161,1055,324,106
392,E05000417,Brixton Hill,14880,582,161,219,8408,5045,1678,536,175
393,E05000418,Clapham Common,12147,463,99,143,7881,3607,929,347,88
394,E05000419,Clapham Town,13020,515,100,160,8053,3933,1230,437,142
395,E05000420,Coldharbour,15615,688,223,258,8524,5412,1884,703,261
396,E05000421,Ferndale,14177,535,148,172,8210,4713,1403,529,177
397,E05000422,Gipsy Hill,12653,629,156,274,6975,4495,1494,578,170
398,E05000423,Herne Hill,14018,750,157,182,8101,4868,1474,499,165
399,E05000424,Knight's Hill,13690,686,179,208,7315,5002,1687,572,187
400,E05000425,Larkhall,16231,593,177,242,9372,5417,1674,591,189
401,E05000426,Oval,14206,578,141,181,8222,4660,1546,501,177
402,E05000427,Prince's,13195,656,184,227,7341,4548,1583,602,188
403,E05000428,St Leonard's,13608,652,126,164,7463,5042,1455,436,154
404,E05000429,Stockwell,13753,639,147,238,7494,5006,1578,507,192
405,E05000430,Streatham Hill,13285,656,149,173,7688,4511,1393,528,143
406,E05000431,Streatham South,13131,780,182,243,6929,5022,1711,500,174
407,E05000432,Streatham Wells,13921,636,156,193,7761,4945,1587,467,146
408,E05000433,Thornton,11718,511,138,159,6906,3870,1179,440,131
409,E05000434,Thurlow Park,12608,682,133,218,7333,4372,1354,434,148
410,E05000435,Tulse Hill,14647,694,171,259,8204,5115,1646,593,213
411,E05000436,Vassall,13074,673,165,231,7117,4542,1648,605,231
412,E05000437,Bellingham,13370,780,243,382,6750,5014,2000,762,249
413,E05000438,Blackheath,13005,701,144,189,7519,4506,1355,500,159
414,E05000439,Brockley,16111,719,151,175,8867,5942,1656,521,170
415,E05000440,Catford South,13788,929,203,294,7345,5329,1833,546,161
416,E05000441,Crofton Park,13629,851,190,267,7690,4959,1604,523,161
417,E05000442,Downham,13143,734,235,455,6404,4994,2176,743,250
418,E05000443,Evelyn,15465,644,216,278,8298,5595,1857,642,211
419,E05000444,Forest Hill,13739,753,146,216,7752,4852,1583,512,155
420,E05000445,Grove Park,13238,869,205,336,6820,5086,1927,593,222
421,E05000446,Ladywell,13304,783,172,256,7240,5044,1535,506,190
422,E05000447,Lee Green,13357,778,159,279,7448,4838,1600,500,187
423,E05000448,Lewisham Central,16227,759,200,260,8562,5950,2028,685,221
424,E05000449,New Cross,14595,683,212,266,7826,5303,1810,635,182
425,E05000450,Perry Vale,14314,849,179,276,7803,5307,1787,537,184
426,E05000451,Rushey Green,13660,801,194,261,6894,5219,1915,662,226
427,E05000452,Sydenham,14335,763,211,296,7370,5431,1949,640,215
428,E05000453,Telegraph Hill,15175,809,185,245,8317,5557,1751,607,182
429,E05000454,Whitefoot,12909,726,257,357,6523,4924,1923,641,238
430,E05000455,Abbey,9662,446,84,131,5790,3227,952,263,91
431,E05000456,Cannon Hill,8238,689,133,189,4611,3234,1051,280,73
432,E05000457,Colliers Wood,9981,471,97,163,5430,3766,1070,339,107
433,E05000458,Cricket Green,10517,528,182,247,5282,4097,1490,461,144
434,E05000459,Dundonald,8717,394,75,89,5640,2754,666,178,37
435,E05000460,Figge's Marsh,10299,569,154,218,5213,4075,1384,430,138
436,E05000461,Graveney,8986,469,185,176,4660,3602,1181,288,85
437,E05000462,Hillside,8393,437,55,92,5370,2668,711,171,57
438,E05000463,Lavender Fields,9485,449,154,185,4991,3733,1095,359,95
439,E05000464,Longthornton,9126,531,139,228,4639,3697,1223,361,104
440,E05000465,Lower Morden,8199,593,114,184,4372,3325,1064,259,70
441,E05000466,Merton Park,8657,588,99,141,5157,3105,948,213,62
442,E05000467,Pollards Hill,9323,558,179,227,4975,3663,1215,329,105
443,E05000468,Ravensbury,9061,515,165,227,4414,3642,1369,410,133
444,E05000469,Raynes Park,8927,596,89,126,5539,2987,882,271,59
445,E05000470,St Helier,9379,586,160,289,4689,3811,1346,441,127
446,E05000471,Trinity,9213,422,63,100,5763,2912,808,246,69
447,E05000472,Village,7789,550,71,81,5199,2344,722,174,52
448,E05000473,West Barnes,8999,579,125,159,5177,3329,1052,236,68
449,E05000474,Wimbledon Park,10415,561,85,136,6980,3127,796,221,73
450,E05000475,Beckton,13982,606,254,299,7396,5300,1620,609,216
451,E05000476,Boleyn,14688,636,336,322,7755,5437,1864,708,218
452,E05000477,Canning Town North,13636,565,247,362,6741,5079,1989,777,224
453,E05000478,Canning Town South,14897,557,207,335,7968,5354,1752,657,265
454,E05000479,Custom House,12414,505,213,279,6490,4640,1465,611,205
455,E05000480,East Ham Central,14594,685,349,289,7787,5521,1753,642,214
456,E05000481,East Ham North,12495,734,309,328,6688,4623,1694,612,249
457,E05000482,East Ham South,14280,706,229,360,7393,5424,1853,669,236
458,E05000483,Forest Gate North,14956,735,273,293,7900,5690,1745,676,246
459,E05000484,Forest Gate South,15953,825,261,323,8430,6135,1828,700,269
460,E05000485,Green Street East,14563,740,277,305,7895,5430,1757,581,222
461,E05000486,Green Street West,13708,748,301,356,7399,5049,1762,624,279
462,E05000487,Little Ilford,15331,683,264,355,7905,5669,2071,736,252
463,E05000488,Manor Park,13989,735,273,321,7193,5398,1776,662,289
464,E05000489,Plaistow North,14167,686,301,316,7063,5520,1930,736,221
465,E05000490,Plaistow South,15194,622,251,337,7935,5818,1809,627,215
466,E05000491,Royal Docks,10133,313,87,146,5769,3624,884,309,93
467,E05000492,Stratford and New Town,16539,695,216,318,8921,6286,1722,605,234
468,E05000493,Wall End,13566,631,304,345,7128,5234,1721,566,197
469,E05000494,West Ham,14295,687,239,330,7513,5318,1844,656,220
470,E05000495,Aldborough,13211,825,215,293,6733,5209,1865,596,141
471,E05000496,Barkingside,11212,919,202,276,5676,4643,1667,481,142
472,E05000497,Bridge,10504,757,163,234,5686,4072,1347,438,115
473,E05000498,Chadwell,12978,802,193,284,7025,4969,1679,463,121
474,E05000499,Church End,10439,772,139,166,6237,3750,1112,316,101
475,E05000500,Clayhall,11756,926,234,325,6235,4707,1632,536,131
476,E05000501,Clementswood,13350,710,288,318,7237,5110,1563,574,182
477,E05000502,Cranbrook,11324,980,229,247,6016,4522,1595,493,154
478,E05000503,Fairlop,11380,803,165,282,5959,4502,1509,497,163
479,E05000504,Fullwell,11594,789,204,323,5843,4640,1727,534,166
480,E05000505,Goodmayes,11838,746,236,249,6170,4660,1572,506,161
481,E05000506,Hainault,11511,790,243,409,5615,4487,1873,717,261
482,E05000507,Loxford,15272,682,270,320,7805,5729,2080,723,207
483,E05000508,Mayfield,12212,871,259,330,6522,4808,1661,527,154
484,E05000509,Monkhams,9315,801,129,177,5441,3439,1150,312,80
485,E05000510,Newbury,15176,996,292,296,8035,5997,1988,549,191
486,E05000511,Roding,10983,721,143,197,6269,4087,1247,334,107
487,E05000512,Seven Kings,13744,842,252,326,7241,5330,1815,575,203
488,E05000513,Snaresbrook,10742,829,136,158,5786,4065,1439,452,123
489,E05000514,Valentines,12795,788,256,284,6720,5048,1668,519,168
490,E05000515,Wanstead,10343,833,157,210,5979,3821,1281,337,125
491,E05000516,Barnes,9350,694,117,138,6226,2854,895,245,79
492,E05000517,East Sheen,9487,688,69,104,6422,2955,754,170,47
493,E05000518,Fulwell and Hampton Hill,9252,677,90,112,5812,3136,859,263,61
494,E05000519,Ham Petersham and Richmond River,9360,680,108,169,5424,3361,1076,361,95
495,E05000520,Hampton,8990,756,80,159,5448,3189,954,295,99
496,E05000521,Hampton North,8386,678,118,205,4475,3295,1168,343,106
497,E05000522,Hampton Wick,9439,582,89,111,5817,3140,940,247,77
498,E05000523,Heathfield,9242,712,131,228,4961,3660,1206,370,116
499,E05000524,Kew,10504,729,75,128,6940,3284,932,191,89
500,E05000525,Mortlake and Barnes Common,10147,596,69,107,6620,3054,887,265,93
501,E05000526,North Richmond,9829,624,81,115,6260,3102,937,280,70
502,E05000527,St Margarets and North Twickenha,10339,622,84,127,7087,3120,733,190,42
503,E05000528,South Richmond,10041,625,69,85,6596,3157,782,219,66
504,E05000529,South Twickenham,9193,636,74,84,6023,3041,706,161,56
505,E05000530,Teddington,9474,701,62,93,6067,3063,900,238,62
506,E05000531,Twickenham Riverside,9685,579,59,73,6274,3076,786,204,56
507,E05000532,West Twickenham,9667,600,103,158,5847,3330,980,277,94
508,E05000533,Whitton,8803,637,127,185,4918,3271,1167,298,98
509,E05000534,Brunswick Park,12286,567,134,187,6976,4131,1438,476,153
510,E05000535,Camberwell Green,13918,659,206,249,7420,5095,1660,635,222
511,E05000536,Cathedrals,13897,662,167,215,8238,4506,1461,536,200
512,E05000537,Chaucer,14293,518,153,214,8777,4520,1295,465,121
513,E05000538,College,10813,681,125,193,6283,3736,1272,418,103
514,E05000539,East Dulwich,11455,584,121,161,6834,3782,1178,393,134
515,E05000540,East Walworth,10698,459,179,221,5889,3644,1325,508,191
516,E05000541,Faraday,11895,521,201,222,6711,4018,1437,514,159
517,E05000542,Grange,14445,549,160,208,8369,4736,1544,534,179
518,E05000543,Livesey,13050,577,202,300,7090,4379,1836,611,213
519,E05000544,Newington,13065,641,183,247,7198,4464,1637,620,217
520,E05000545,Nunhead,12517,657,178,268,6592,4294,1780,688,266
521,E05000546,Peckham,13630,562,237,291,7555,4725,1667,570,203
522,E05000547,Peckham Rye,12448,677,153,240,7401,4254,1282,429,152
523,E05000548,Riverside,13560,500,143,187,8131,4374,1264,474,147
524,E05000549,Rotherhithe,12766,587,163,227,7306,4399,1383,482,173
525,E05000550,South Bermondsey,12709,602,176,293,7081,4426,1551,551,171
526,E05000551,South Camberwell,11723,575,147,184,7051,3959,1128,350,141
527,E05000552,Surrey Docks,12625,508,110,192,7595,4251,1083,378,128
528,E05000553,The Lane,14383,706,195,281,8099,4819,1781,647,219
529,E05000554,Village,11382,739,113,168,7608,3492,933,265,104
530,E05000555,Beddington North,9309,683,106,211,4938,3763,1186,324,98
531,E05000556,Beddington South,9426,786,166,289,4981,3874,1258,415,139
532,E05000557,Belmont,9142,661,90,155,5008,3583,1126,259,72
533,E05000558,Carshalton Central,9048,741,103,147,5132,3532,1060,251,64
534,E05000559,Carshalton South and Clockhouse,8732,718,103,162,4969,3369,1044,254,79
535,E05000560,Cheam,9212,784,119,170,5274,3559,1074,290,88
536,E05000561,Nonsuch,9571,769,102,199,5320,3772,1190,297,62
537,E05000562,St Helier,10843,610,177,319,5492,4269,1561,478,149
538,E05000563,Stonecot,9584,765,148,215,5329,3795,1224,283,81
539,E05000564,Sutton Central,10087,587,147,172,5252,3833,1316,453,139
540,E05000565,Sutton North,9387,611,131,226,4955,3651,1270,376,103
541,E05000566,Sutton South,8795,569,87,148,4568,3394,1174,357,106
542,E05000567,Sutton West,9654,627,88,167,5394,3677,1094,292,79
543,E05000568,The Wrythe,9149,674,148,192,4775,3720,1265,321,82
544,E05000569,Wallington North,9643,726,121,160,5088,3884,1276,316,86
545,E05000570,Wallington South,9144,748,127,181,4667,3682,1376,375,100
546,E05000571,Wandle Valley,10531,644,174,281,5610,4047,1400,453,120
547,E05000572,Worcester Park,10591,733,105,226,5916,4159,1233,278,69
548,E05000573,Bethnal Green North,12649,547,218,269,6802,4353,1591,691,246
549,E05000574,Bethnal Green South,13032,647,196,291,6778,4766,1600,744,278
550,E05000575,Blackwall and Cubitt Town,18166,780,221,294,10568,6336,1734,618,205
551,E05000576,Bow East,13690,582,202,307,7410,4811,1636,663,261
552,E05000577,Bow West,11935,601,171,232,6479,4301,1407,569,183
553,E05000578,Bromley-by-Bow,13216,663,245,356,6672,5004,1812,712,280
554,E05000579,East India and Lansbury,13523,676,269,391,6779,4980,1960,820,320
555,E05000580,Limehouse,14795,626,236,329,7871,5383,1748,731,253
556,E05000581,Mile End and Globe Town,14038,644,201,307,7683,5019,1593,671,224
557,E05000582,Mile End East,12309,609,205,231,6657,4298,1538,595,266
558,E05000583,Millwall,21803,810,182,289,13341,7312,1671,559,201
559,E05000584,St Dunstan's and Stepney Green,14649,867,291,431,7675,5306,1977,937,343
560,E05000585,St Katharine's and Wapping,11557,561,136,157,6791,4031,1041,403,145
561,E05000586,Shadwell,13891,680,218,321,7405,4966,1746,730,263
562,E05000587,Spitalfields and Banglatown,9597,389,136,164,5379,3209,1030,472,196
563,E05000588,Weavers,12231,559,159,257,6546,4304,1464,661,231
564,E05000589,Whitechapel,13659,690,224,289,7632,4830,1514,652,234
565,E05000590,Cann Hall,12823,555,163,258,6799,4716,1577,525,182
566,E05000591,Cathall,11788,528,160,224,5973,4546,1502,500,179
567,E05000592,Chapel End,12932,750,153,251,6813,5147,1559,445,122
568,E05000593,Chingford Green,9193,731,119,244,4619,3612,1491,438,127
569,E05000594,Endlebury,9588,746,166,230,5069,3683,1436,424,118
570,E05000595,Forest,11496,634,198,281,6082,4421,1437,469,200
571,E05000596,Grove Green,13558,592,195,259,7190,5235,1554,423,202
572,E05000597,Hale End and Highams Park,10248,740,148,219,5581,3942,1331,380,121
573,E05000598,Hatch Lane,9914,692,157,295,5085,3741,1526,496,210
574,E05000599,High Street,13101,627,167,232,6612,5258,1584,501,172
575,E05000600,Higham Hill,12149,605,175,265,6126,4656,1614,613,185
576,E05000601,Hoe Street,12880,645,160,227,6542,4991,1592,575,212
577,E05000602,Larkswood,10236,681,159,261,4966,4081,1616,513,161
578,E05000603,Lea Bridge,14481,729,196,265,7196,5670,1871,678,256
579,E05000604,Leyton,13110,558,244,272,6554,5086,1729,608,207
580,E05000605,Leytonstone,11983,578,140,178,6395,4606,1349,382,147
581,E05000606,Markhouse,12508,630,211,287,6216,5060,1632,535,193
582,E05000607,Valley,10355,660,177,252,5175,4057,1569,500,143
583,E05000608,William Morris,12306,548,161,254,6313,4758,1538,515,145
584,E05000609,Wood Street,12327,658,177,206,6346,4688,1626,533,175
585,E05000610,Balham,13809,639,135,168,9295,4047,1010,315,84
586,E05000611,Bedford,13711,594,101,169,8582,4219,1227,415,132
587,E05000612,Earlsfield,14472,588,168,220,9201,4420,1282,403,142
588,E05000613,East Putney,14087,658,105,172,8972,4365,1189,401,95
589,E05000614,Fairfield,13887,501,85,140,9038,4100,1046,314,115
590,E05000615,Furzedown,14278,765,192,269,7908,5136,1796,525,139
591,E05000616,Graveney,14075,696,196,231,7748,5205,1560,530,155
592,E05000617,Latchmere,14381,563,158,256,7958,4893,1686,622,199
593,E05000618,Nightingale,13758,670,106,145,8787,4145,1229,356,162
594,E05000619,Northcote,14203,546,82,109,9932,3726,931,248,103
595,E05000620,Queenstown,15322,650,185,174,9157,5041,1501,484,148
596,E05000621,Roehampton and Putney Heath,15011,640,196,285,7885,5453,1889,704,201
597,E05000622,St Mary's Park,15491,702,159,204,9351,5081,1525,459,140
598,E05000623,Shaftesbury,13293,596,114,157,8618,3961,1079,371,131
599,E05000624,Southfields,15250,709,128,169,9795,4717,1289,336,119
600,E05000625,Thamesfield,13901,731,71,139,9665,3910,923,264,80
601,E05000626,Tooting,15154,637,197,251,8394,5420,1685,563,177
602,E05000627,Wandsworth Common,14199,716,134,198,9102,4339,1271,377,158
603,E05000628,West Hill,15214,739,195,254,8896,5138,1687,517,164
604,E05000629,West Putney,13514,792,169,267,7914,4619,1494,545,170
605,E05000630,Abbey Road,10476,508,102,164,6672,3117,954,393,114
606,E05000631,Bayswater,9639,475,90,96,6011,2897,896,373,123
607,E05000632,Bryanston and Dorset Square,11300,456,86,149,6989,3595,911,338,158
608,E05000633,Churchill,8768,489,167,194,4592,3051,1252,531,192
609,E05000634,Church Street,10584,570,258,348,5078,3635,1764,922,361
610,E05000635,Harrow Road,11049,617,140,228,5941,3705,1474,652,262
611,E05000636,Hyde Park,11668,465,155,174,6956,3880,986,458,182
612,E05000637,Knightsbridge and Belgravia,8767,381,54,68,5904,2672,531,120,43
613,E05000638,Lancaster Gate,12435,473,113,174,7931,3765,977,377,145
614,E05000639,Little Venice,9821,534,123,155,6044,2969,1000,446,174
615,E05000640,Maida Vale,9449,440,138,183,5473,3111,1019,432,175
616,E05000641,Marylebone High Street,9745,446,81,94,6341,2965,763,235,62
617,E05000642,Queen's Park,11341,642,226,354,5804,3911,1721,805,322
618,E05000643,Regent's Park,11168,552,140,207,6415,3651,1276,534,191
619,E05000644,St James's,10103,512,91,122,5862,3372,1066,389,139
620,E05000645,Tachbrook,7558,399,79,122,4336,2465,896,349,112
621,E05000646,Vincent Square,9232,518,108,130,5326,3041,1057,403,161
622,E05000647,Warwick,8683,502,83,101,5226,2765,889,358,131
623,E05000648,Westbourne,11767,513,211,268,5963,4006,1671,797,322
624,E05000649,West End,9965,424,91,95,5944,3234,924,351,122