ward name,ward code,population density,median household income,% no qualifications,unemployment rate,crime rate,open space,life expectancy
City of London,E09000001,"2,538","63,620",6.7,2.235,13.977,-6.479,86.394
Barking and Dagenham - Abbey,E05000026,"10,500","33,920",16.4,8.906,120.786,-0.890,81.998
Barking and Dagenham - Alibon,E05000027,"7,429","32,470",31.2,10.203,93.150,-1.791,78.990
Barking and Dagenham - Becontree,E05000028,"9,269","33,000",28.0,9.930,104.663,-5.470,79.230
Barking and Dagenham - Chadwell Heath,E05000029,"2,985","33,920",29.1,8.591,83.690,1.978,80.761
Barking and Dagenham - Eastbrook,E05000030,"3,029","37,400",29.9,8.293,61.601,5.688,79.212
Barking and Dagenham - Eastbury,E05000031,"8,357","32,870",28.9,10.200,88.307,-8.238,82.048
Barking and Dagenham - Gascoigne,E05000032,"12,773","29,480",25.5,12.187,109.575,-10.013,78.170
Barking and Dagenham - Goresbrook,E05000033,"8,692","33,250",30.0,9.478,97.824,4.827,80.255
Barking and Dagenham - Heath,E05000034,"5,475","31,340",32.1,11.851,77.107,0.441,78.502
Barking and Dagenham - Longbridge,E05000035,"7,281","40,570",22.7,5.344,73.239,-2.190,82.240
Barking and Dagenham - Mayesbrook,E05000036,"5,474","31,530",32.1,9.280,94.730,2.426,80.024
Barking and Dagenham - Parsloes,E05000037,"8,250","31,860",31.8,9.462,80.694,-1.712,79.891
Barking and Dagenham - River,E05000038,"3,167","33,490",29.9,8.455,62.899,2.923,76.543
Barking and Dagenham - Thames,E05000039,"1,867","32,580",24.1,8.726,74.486,-6.328,80.053
Barking and Dagenham - Valence,E05000040,"7,692","33,200",32.1,9.277,83.824,-2.382,78.847
Barking and Dagenham - Village,E05000041,"5,167","31,960",30.3,11.868,105.654,7.870,78.451
Barking and Dagenham - Whalebone,E05000042,"6,781","37,180",24.0,6.752,90.005,-15.172,83.446
Barnet - Brunswick Park,E05000043,"5,219","39,800",17.4,3.836,57.274,0.808,83.531
Barnet - Burnt Oak,E05000044,"8,857","29,400",23.6,6.760,74.375,-7.410,78.825
Barnet - Childs Hill,E05000045,"6,516","38,960",13.7,6.158,96.495,-1.013,81.107
Barnet - Colindale,E05000046,"8,250","30,170",18.0,4.649,56.375,-6.354,83.935
Barnet - Coppetts,E05000047,"6,426","38,090",15.0,4.732,104.066,-2.035,80.553
Barnet - East Barnet,E05000048,"4,303","39,870",17.1,4.061,58.058,4.266,83.153
Barnet - East Finchley,E05000049,"6,440","41,160",14.1,4.034,55.160,-3.450,83.600
Barnet - Edgware,E05000050,"3,018","38,410",17.0,4.215,69.218,-3.773,85.588
Barnet - Finchley Church End,E05000051,"5,926","45,030",12.3,3.189,48.420,-13.338,86.381
Barnet - Garden Suburb,E05000052,"3,436","53,090",8.2,1.940,57.443,1.413,87.129
Barnet - Golders Green,E05000053,"7,150","40,800",16.4,4.617,70.384,-8.931,81.646
Barnet - Hale,E05000054,"3,250","38,590",17.8,3.960,63.490,-5.144,83.661
Barnet - Hendon,E05000055,"6,625","38,530",13.5,4.652,72.516,-7.332,82.159
Barnet - High Barnet,E05000056,"1,874","43,940",13.1,2.710,65.457,3.758,83.135
Barnet - Mill Hill,E05000057,"2,011","41,920",14.0,3.783,68.654,3.683,85.250
Barnet - Oakleigh,E05000058,"4,833","41,670",14.7,3.525,60.134,-7.786,82.690
Barnet - Totteridge,E05000059,"1,796","46,150",13.0,2.459,42.326,8.001,84.547
Barnet - Underhill,E05000060,"3,554","37,040",21.6,5.234,60.472,4.524,81.001
Barnet - West Finchley,E05000061,"7,591","42,050",12.2,3.303,62.228,-16.064,82.952
Barnet - West Hendon,E05000062,"5,279","35,090",17.8,5.201,98.212,-0.177,83.360
Barnet - Woodhouse,E05000063,"6,846","38,220",15.7,4.593,78.520,-11.519,83.075
Bexley - Barnehurst,E05000064,"3,672","38,200",23.1,3.372,54.267,-1.742,82.561
Bexley - Belvedere,E05000065,"3,828","33,510",23.7,6.055,74.656,4.519,82.558
Bexley - Blackfen and Lamorbey,E05000066,"6,353","40,780",22.4,2.035,41.318,-5.006,85.423
Bexley - Blendon and Penhill,E05000067,"5,286","40,340",21.5,2.386,47.665,1.076,84.368
Bexley - Brampton,E05000068,"5,350","40,790",22.9,2.345,44.936,-8.517,85.085
Bexley - Christchurch,E05000069,"4,500","40,190",21.0,3.250,80.664,-2.885,81.633
Bexley - Colyers,E05000070,"7,094","34,450",25.1,6.264,55.782,-11.956,81.634
Bexley - Crayford,E05000071,"2,925","34,900",25.3,4.846,52.169,-2.912,81.876
Bexley - Cray Meadows,E05000072,"1,583","35,530",25.1,4.053,46.308,10.594,81.884
Bexley - Danson Park,E05000073,"4,093","38,580",23.0,3.145,66.546,5.901,82.208
Bexley - East Wickham,E05000074,"5,023","36,260",26.4,4.220,60.027,-2.353,83.080
Bexley - Erith,E05000075,"2,615","33,160",23.6,6.437,74.462,6.928,81.913
Bexley - Falconwood and Welling,E05000076,"6,471","39,000",22.1,2.989,65.394,-9.439,83.221
Bexley - Lesnes Abbey,E05000077,"4,792","35,630",23.8,5.313,77.879,4.837,82.895
Bexley - Longlands,E05000078,"4,096","40,880",20.9,2.791,40.351,2.796,81.793
Bexley - North End,E05000079,"2,070","29,930",28.8,8.587,82.666,14.846,78.662
Bexley - Northumberland Heath,E05000080,"5,972","37,130",23.3,3.529,61.706,-5.899,82.802
Bexley - St. Mary's,E05000081,"2,421","44,010",18.9,1.996,43.448,6.055,84.908
Bexley - St. Michael's,E05000082,"8,071","38,510",21.8,3.507,41.521,-8.585,82.757
Bexley - Sidcup,E05000083,"4,093","41,220",19.1,1.995,43.154,3.820,81.600
Bexley - Thamesmead East,E05000084,"2,583","32,100",20.8,9.460,64.327,9.906,79.928
Brent - Alperton,E05000085,"7,048","31,250",22.1,4.630,69.671,-7.937,82.504
Brent - Barnhill,E05000086,"5,367","34,630",18.1,6.790,77.675,6.821,79.381
Brent - Brondesbury Park,E05000087,"7,794","40,020",15.9,5.426,92.673,-14.659,84.015
Brent - Dollis Hill,E05000088,"5,935","30,990",24.4,8.095,63.315,0.072,85.530
Brent - Dudden Hill,E05000089,"9,118","33,470",19.8,9.131,100.918,-4.034,84.643
Brent - Fryent,E05000090,"5,130","35,590",20.3,5.320,67.688,8.881,82.439
Brent - Harlesden,E05000091,"15,773","27,030",24.1,23.509,119.764,-14.050,80.498
Brent - Kensal Green,E05000092,"13,682","34,640",19.7,12.963,115.185,-3.676,84.278
Brent - Kenton,E05000093,"5,413","42,190",17.3,2.558,65.527,-2.233,87.337
Brent - Kilburn,E05000094,"19,333","34,270",17.1,13.047,104.217,-13.448,83.078
Brent - Mapesbury,E05000095,"11,357","36,830",14.5,7.386,99.325,-10.167,81.474
Brent - Northwick Park,E05000096,"4,889","41,100",13.4,3.112,54.070,-1.114,82.722
Brent - Preston,E05000097,"6,542","35,960",17.5,4.901,65.738,0.286,82.671
Brent - Queens Park,E05000098,"10,300","42,880",13.3,6.729,90.591,-5.057,83.809
Brent - Queensbury,E05000099,"8,050","35,110",21.4,4.302,78.585,-0.769,82.157
Brent - Stonebridge,E05000100,"4,232","25,800",25.9,13.666,76.774,-12.116,79.282
Brent - Sudbury,E05000101,"7,238","33,530",18.1,5.879,62.905,4.410,81.432
Brent - Tokyngton,E05000102,"6,161","33,130",19.4,4.880,74.981,-6.265,80.980
Brent - Welsh Harp,E05000103,"6,065","31,620",22.6,7.467,79.592,8.567,82.859
Brent - Wembley Central,E05000104,"9,719","31,040",20.7,6.214,114.391,-6.634,83.423
Brent - Willesden Green,E05000105,"10,600","31,390",18.5,8.736,114.768,-0.208,80.428
Bromley - Bickley,E05000106,"3,133","47,190",14.5,2.147,45.738,-8.430,81.617
Bromley - Biggin Hill,E05000107,"1,223","40,930",18.3,2.659,67.742,-1.427,84.586
Bromley - Bromley Common and Keston,E05000108,"1,898","40,510",20.5,3.836,58.064,11.912,83.338
Bromley - Bromley Town,E05000109,"4,797","43,460",13.1,3.426,80.683,-1.231,81.514
Bromley - Chelsfield and Pratts Bottom,E05000110,"1,167","44,850",16.4,2.083,43.834,10.083,85.413
Bromley - Chislehurst,E05000111,"1,462","46,250",15.8,2.846,72.244,6.828,82.134
Bromley - Clock House,E05000112,"6,870","41,650",15.2,3.794,69.945,-2.899,82.726
Bromley - Copers Cope,E05000113,"4,773","43,170",12.1,3.001,84.309,-4.959,82.022
Bromley - Cray Valley East,E05000114,"1,177","32,230",27.9,5.881,90.046,11.544,81.380
Bromley - Cray Valley West,E05000115,"4,372","31,740",28.5,6.857,73.079,-0.777,81.487
Bromley - Crystal Palace,E05000116,"5,478","34,060",16.9,7.921,120.955,11.590,79.380
Bromley - Darwin,E05000117,181,"42,810",21.9,1.632,49.720,7.184,82.674
Bromley - Farnborough and Crofton,E05000118,"2,121","44,590",18.1,2.307,41.590,3.660,85.460
Bromley - Hayes and Coney Hall,E05000119,"1,500","45,660",15.7,2.421,45.532,13.751,84.192
Bromley - Kelsey and Eden Park,E05000120,"3,106","44,700",17.1,2.894,76.416,4.626,85.342
Bromley - Mottingham and Chislehurst North,E05000121,"4,250","32,330",26.0,7.126,124.769,5.477,80.495
Bromley - Orpington,E05000122,"3,616","38,090",22.3,4.759,83.025,-5.481,84.094
Bromley - Penge and Cator,E05000123,"5,883","36,090",17.0,7.416,100.300,4.052,82.351
Bromley - Petts Wood and Knoll,E05000124,"3,221","48,530",15.2,2.045,46.964,-0.439,85.935
Bromley - Plaistow and Sundridge,E05000125,"3,850","39,460",18.6,4.558,67.664,0.345,79.885
Bromley - Shortlands,E05000126,"4,020","48,020",12.1,1.622,49.290,-6.278,87.069
Bromley - West Wickham,E05000127,"3,443","46,210",15.2,2.246,37.343,-1.856,84.456
Camden - Belsize,E05000128,"15,938","52,680",8.4,3.212,71.010,-5.238,86.292
Camden - Bloomsbury,E05000129,"11,650","40,340",7.8,4.181,60.611,0.890,84.029
Camden - Camden Town with Primrose Hill,E05000130,"10,792","45,840",11.7,5.427,199.476,2.075,84.574
Camden - Cantelowes,E05000131,"15,375","39,060",13.9,6.281,113.400,-2.027,81.759
Camden - Fortune Green,E05000132,"12,000","46,800",9.2,4.884,84.447,1.185,85.330
Camden - Frognal and Fitzjohns,E05000133,"8,133","60,310",6.1,1.696,62.776,-6.956,86.547
Camden - Gospel Oak,E05000134,"16,357","39,990",17.8,6.252,71.890,-1.925,83.278
Camden - Hampstead Town,E05000135,"4,540","62,840",6.1,1.555,56.150,8.866,87.399
Camden - Haverstock,E05000136,"18,000","35,730",18.6,7.613,96.587,-7.444,81.674
Camden - Highgate,E05000137,"3,484","47,840",12.6,4.911,74.073,15.823,85.111
Camden - Holborn and Covent Garden,E05000138,"11,250","40,180",12.9,6.097,45.860,-9.436,84.417
Camden - Kentish Town,E05000139,"13,750","41,230",13.6,5.688,76.563,-0.873,78.575
Camden - Kilburn,E05000140,"17,500","34,730",17.4,7.794,126.728,-5.364,78.542
Camden - King's Cross,E05000141,"20,833","32,890",12.1,7.472,67.135,-2.246,83.812
Camden - Regent's Park,E05000142,"10,962","34,260",17.5,6.397,51.195,6.703,80.671
Camden - St. Pancras and Somers Town,E05000143,"10,786","30,500",22.7,9.833,58.469,1.282,79.552
Camden - Swiss Cottage,E05000144,"10,077","50,340",9.0,2.967,84.254,-0.650,84.645
Camden - West Hampstead,E05000145,"13,722","46,290",9.5,4.409,99.387,0.802,83.356
Croydon - Addiscombe,E05000146,"10,844","38,070",15.3,4.956,83.597,-20.340,80.526
Croydon - Ashburton,E05000147,"5,556","38,600",19.5,5.413,70.599,5.147,82.615
Croydon - Bensham Manor,E05000148,"11,750","33,530",17.9,8.428,95.206,-10.315,83.013
Croydon - Broad Green,E05000149,"7,185","31,000",20.2,8.369,135.045,-11.179,80.236
Croydon - Coulsdon East,E05000150,"1,630","42,660",18.2,3.814,44.827,10.702,84.932
Croydon - Coulsdon West,E05000151,"2,770","46,610",15.1,2.715,60.926,-5.068,81.697
Croydon - Croham,E05000152,"4,614","42,260",12.0,4.538,80.632,-2.151,81.388
Croydon - Fairfield,E05000153,"5,066","39,130",12.3,4.067,116.880,-10.478,80.823
Croydon - Fieldway,E05000154,"7,800","26,720",34.4,10.226,81.840,-10.810,80.104
Croydon - Heathfield,E05000155,"1,552","39,770",17.2,4.039,92.222,8.539,83.884
Croydon - Kenley,E05000156,"2,369","44,160",14.6,3.881,51.045,0.592,81.655
Croydon - New Addington,E05000157,"4,604","28,770",34.8,7.923,79.734,5.535,78.761
Croydon - Norbury,E05000158,"6,740","36,810",16.2,6.366,87.273,-0.584,81.572
Croydon - Purley,E05000159,"3,607","44,600",12.9,4.262,77.461,-8.535,83.266
Croydon - Sanderstead,E05000160,"2,071","47,030",15.1,2.793,37.835,3.249,84.894
Croydon - Selhurst,E05000161,"7,978","31,220",18.9,9.678,100.993,-12.442,77.084
Croydon - Selsdon and Ballards,E05000162,"1,883","45,320",15.2,2.782,42.757,7.376,86.417
Croydon - Shirley,E05000163,"5,214","39,500",19.1,4.652,58.602,-8.044,84.333
Croydon - South Norwood,E05000164,"6,979","34,430",15.9,9.357,101.084,-3.160,80.586
Croydon - Thornton Heath,E05000165,"9,853","33,720",18.7,11.141,94.324,-11.466,80.372
Croydon - Upper Norwood,E05000166,"6,308","37,430",16.6,7.880,86.487,0.658,80.375
Croydon - Waddon,E05000167,"4,847","34,630",19.1,6.423,77.511,6.255,78.130
Croydon - West Thornton,E05000168,"8,925","32,400",17.9,7.701,104.195,-4.977,81.010
Croydon - Woodside,E05000169,"7,727","33,890",17.1,8.211,99.882,0.177,81.845
Ealing - Acton Central,E05000170,"8,750","36,500",14.3,6.813,118.912,5.582,82.623
Ealing - Cleveland,E05000171,"6,750","41,730",13.1,5.724,62.716,4.230,82.973
Ealing - Dormers Wells,E05000172,"6,152","29,350",23.5,8.819,71.025,8.337,80.569
Ealing - Ealing Broadway,E05000173,"7,868","45,540",7.3,3.450,108.936,-7.659,81.490
Ealing - Ealing Common,E05000174,"6,810","43,600",10.8,4.580,93.684,5.999,80.755
Ealing - East Acton,E05000175,"4,523","32,930",15.0,7.587,70.465,2.650,82.349
Ealing - Elthorne,E05000176,"7,450","38,970",15.1,5.627,88.355,1.743,81.112
Ealing - Greenford Broadway,E05000177,"7,120","30,500",21.9,7.275,99.261,2.918,80.139
Ealing - Greenford Green,E05000178,"4,265","35,420",17.8,4.532,72.557,4.548,82.792
Ealing - Hanger Hill,E05000179,"4,788","44,760",9.2,3.130,66.119,-5.841,85.008
Ealing - Hobbayne,E05000180,"6,523","36,220",18.2,5.484,66.455,6.132,81.559
Ealing - Lady Margaret,E05000181,"9,433","32,520",19.8,6.442,64.419,5.610,80.895
Ealing - Northfield,E05000182,"9,133","48,480",8.7,2.438,58.154,4.433,83.934
Ealing - North Greenford,E05000183,"4,656","36,480",16.9,3.757,71.129,10.389,84.288
Ealing - Northolt Mandeville,E05000184,"5,482","31,950",21.5,7.330,73.766,11.358,82.814
Ealing - Northolt West End,E05000185,"4,371","28,550",25.1,9.121,97.742,8.332,80.409
Ealing - Norwood Green,E05000186,"3,750","29,020",21.8,10.068,70.738,12.517,79.622
Ealing - Perivale,E05000187,"4,574","36,040",17.4,4.841,80.523,5.406,83.756
Ealing - South Acton,E05000188,"9,206","34,300",16.2,7.152,89.209,3.393,79.157
Ealing - Southall Broadway,E05000189,"9,344","27,930",23.8,8.198,118.614,-2.476,80.949
Ealing - Southall Green,E05000190,"9,406","27,150",23.6,10.386,95.420,0.598,79.972
Ealing - Southfield,E05000191,"9,714","50,170",9.0,3.040,82.081,4.931,83.002
Ealing - Walpole,E05000192,"9,033","46,240",10.2,3.587,77.670,-2.231,81.874
Enfield - Bowes,E05000193,"9,733","36,300",16.7,6.596,74.305,-10.950,84.198
Enfield - Bush Hill Park,E05000194,"5,720","41,800",20.4,3.859,69.512,0.552,82.968
Enfield - Chase,E05000195,834,"36,350",22.4,6.388,65.441,15.417,79.492
Enfield - Cockfosters,E05000196,"1,370","43,570",19.0,3.915,51.004,11.396,84.608
Enfield - Edmonton Green,E05000197,"5,952","26,010",30.5,19.280,107.830,3.101,81.913
Enfield - Enfield Highway,E05000198,"3,576","29,450",30.1,9.905,78.844,1.243,82.990
Enfield - Enfield Lock,E05000199,"5,167","30,240",26.5,10.632,78.346,4.262,79.242
Enfield - Grange,E05000200,"4,015","45,960",16.1,3.395,70.893,-5.267,85.188
Enfield - Haselbury,E05000201,"9,278","29,600",27.2,10.526,83.393,0.194,82.295
Enfield - Highlands,E05000202,"2,647","43,540",18.7,3.026,46.770,0.706,84.918
Enfield - Jubilee,E05000203,"3,782","30,800",28.5,9.071,77.512,9.840,80.653
Enfield - Lower Edmonton,E05000204,"7,682","28,110",28.5,11.132,67.487,2.572,81.117
Enfield - Palmers Green,E05000205,"8,263","37,970",20.6,5.451,88.795,-4.447,83.353
Enfield - Ponders End,E05000206,"4,771","28,560",26.9,13.046,81.058,6.875,80.440
Enfield - Southbury,E05000207,"5,172","33,260",24.6,7.877,92.223,4.399,82.958
Enfield - Southgate,E05000208,"5,537","41,520",16.1,4.194,64.065,-3.437,82.577
Enfield - Southgate Green,E05000209,"5,539","42,750",16.3,4.315,69.343,-3.413,83.000
Enfield - Town,E05000210,"6,955","42,300",17.4,3.907,52.023,-5.484,83.985
Enfield - Turkey Street,E05000211,"6,435","28,960",30.2,9.548,107.377,0.177,80.328
Enfield - Upper Edmonton,E05000212,"6,778","28,480",28.3,11.740,118.586,-1.231,77.458
Enfield - Winchmore Hill,E05000213,"4,929","45,880",15.4,3.800,64.744,-5.748,82.093
Greenwich - Abbey Wood,E05000214,"5,722","31,540",25.3,8.721,96.774,7.887,79.097
Greenwich - Blackheath Westcombe,E05000215,"6,048","49,160",12.1,3.269,92.398,-2.663,81.577
Greenwich - Charlton,E05000216,"7,050","37,940",20.8,7.278,68.820,1.054,78.222
Greenwich - Coldharbour and New Eltham,E05000217,"5,180","38,390",25.4,4.774,61.643,-3.932,81.254
Greenwich - Eltham North,E05000218,"4,789","43,120",20.0,3.949,71.639,-0.891,83.901
Greenwich - Eltham South,E05000219,"2,717","37,120",21.5,4.991,74.666,5.211,82.445
Greenwich - Eltham West,E05000220,"4,667","34,250",30.8,6.066,73.002,-3.133,79.221
Greenwich - Glyndon,E05000221,"10,441","31,690",21.4,10.088,68.075,1.035,77.023
Greenwich - Greenwich West,E05000222,"6,054","42,270",12.8,5.188,100.971,9.538,81.088
Greenwich - Kidbrooke with Hornfair,E05000223,"5,854","35,740",23.7,6.868,79.756,-1.572,81.441
Greenwich - Middle Park and Sutcliffe,E05000224,"4,046","35,340",25.5,8.099,84.518,-0.324,81.637
Greenwich - Peninsula,E05000225,"4,156","41,840",15.0,4.244,115.270,3.526,81.363
Greenwich - Plumstead,E05000226,"6,854","32,390",21.6,10.557,80.322,1.347,80.789
Greenwich - Shooters Hill,E05000227,"3,487","39,030",19.4,5.723,58.743,7.373,82.727
Greenwich - Thamesmead Moorings,E05000228,"4,219","34,450",18.7,9.281,74.446,2.116,77.084
Greenwich - Woolwich Common,E05000229,"6,904","30,260",21.8,13.224,81.244,2.889,79.097
Greenwich - Woolwich Riverside,E05000230,"6,359","33,540",19.9,10.420,85.884,-7.771,78.060
Hackney - Brownswood,E05000231,"15,188","40,070",14.1,5.855,127.683,-2.197,80.875
Hackney - Cazenove,E05000232,"19,214","38,130",23.5,9.649,59.907,-6.624,85.158
Hackney - Chatham,E05000233,"15,056","32,510",21.1,13.693,106.187,-1.239,80.305
Hackney - Clissold,E05000234,"17,643","45,450",14.3,5.316,105.543,-1.448,80.811
Hackney - Dalston,E05000235,"17,000","38,230",15.9,11.563,199.769,-1.919,80.269
Hackney - De Beauvoir,E05000236,"16,000","39,060",15.6,9.032,222.921,-0.278,78.468
Hackney - Hackney Central,E05000237,"16,000","35,260",18.4,10.823,105.251,-6.177,79.776
Hackney - Hackney Downs,E05000238,"13,100","35,700",19.3,11.216,103.668,-0.510,80.281
Hackney - Haggerston,E05000239,"12,167","36,080",16.1,10.376,66.450,-2.698,80.090
Hackney - Hoxton,E05000240,"19,750","34,970",17.7,9.105,109.305,-0.907,80.465
Hackney - King's Park,E05000241,"6,306","31,970",24.6,13.278,84.054,16.906,82.024
Hackney - Leabridge,E05000242,"12,955","35,110",18.5,11.337,102.096,-3.744,77.321
Hackney - Lordship,E05000243,"10,333","39,940",24.2,7.088,80.235,-0.730,81.180
Hackney - New River,E05000244,"13,450","35,590",29.0,7.906,65.040,-1.250,82.475
Hackney - Queensbridge,E05000245,"12,727","36,720",18.8,12.455,156.850,-2.179,80.926
Hackney - Springfield,E05000246,"12,500","33,570",31.7,10.557,73.791,-2.403,80.788
Hackney - Stoke Newington Central,E05000247,"18,214","42,400",14.2,8.135,117.086,-1.975,82.194
Hackney - Victoria,E05000248,"16,813","37,350",19.5,12.009,136.708,0.050,79.465
Hackney - Wick,E05000249,"7,500","32,890",22.8,11.778,116.272,11.686,77.838
Hammersmith and Fulham - Addison,E05000250,"19,083","43,970",9.3,4.387,117.089,-9.950,82.469
Hammersmith and Fulham - Askew,E05000251,"17,563","38,450",13.7,6.513,102.893,-5.637,82.100
Hammersmith and Fulham - Avonmore and Brook Green,E05000252,"13,722","43,350",9.3,4.382,49.120,-9.691,82.207
Hammersmith and Fulham - College Park and Old Oak,E05000253,"2,897","30,890",23.0,7.913,50.384,6.351,79.154
Hammersmith and Fulham - Fulham Broadway,E05000254,"16,000","42,130",14.8,4.629,109.704,-4.457,79.379
Hammersmith and Fulham - Fulham Reach,E05000255,"12,778","42,010",11.7,3.673,72.763,1.329,81.062
Hammersmith and Fulham - Hammersmith Broadway,E05000256,"10,955","39,500",15.0,5.462,90.013,-7.686,78.926
Hammersmith and Fulham - Munster,E05000257,"18,250","50,240",9.7,2.631,77.925,-5.923,82.791
Hammersmith and Fulham - North End,E05000258,"20,083","39,510",11.2,4.664,74.154,-1.433,80.371
Hammersmith and Fulham - Palace Riverside,E05000259,"5,000","53,330",9.9,1.652,75.589,13.468,84.393
Hammersmith and Fulham - Parsons Green and Walham,E05000260,"11,944","55,720",9.5,2.739,101.726,4.062,83.083
Hammersmith and Fulham - Ravenscourt Park,E05000261,"9,000","45,510",9.9,3.154,98.670,-4.199,79.506
Hammersmith and Fulham - Sands End,E05000262,"9,321","44,170",12.8,4.102,61.914,1.629,82.444
Hammersmith and Fulham - Shepherd's Bush Green,E05000263,"11,318","36,430",13.9,7.604,145.491,2.850,79.778
Hammersmith and Fulham - Town,E05000264,"15,929","47,940",9.4,3.715,87.358,-7.713,84.282
Hammersmith and Fulham - Wormholt and White City,E05000265,"14,944","31,860",21.5,9.719,94.595,1.935,82.647
Haringey - Alexandra,E05000266,"4,596","51,450",8.0,3.392,94.848,8.340,83.472
Haringey - Bounds Green,E05000267,"10,036","34,550",17.3,8.200,103.597,3.712,81.285
Haringey - Bruce Grove,E05000268,"16,389","30,340",22.5,14.651,102.016,-4.233,80.986
Haringey - Crouch End,E05000269,"8,964","52,070",6.4,3.109,84.139,-2.303,84.668
Haringey - Fortis Green,E05000270,"6,400","49,950",9.2,3.194,80.254,4.829,82.567
Haringey - Harringay,E05000271,"8,563","37,150",14.0,8.910,144.968,7.209,82.473
Haringey - Highgate,E05000272,"4,740","53,710",6.4,3.297,73.844,5.085,85.110
Haringey - Hornsey,E05000273,"11,727","40,260",13.8,8.406,78.090,-3.432,82.662
Haringey - Muswell Hill,E05000274,"6,412","53,910",8.3,2.977,85.460,3.969,84.792
Haringey - Noel Park,E05000275,"11,958","30,620",20.8,11.622,176.489,-3.379,81.139
Haringey - Northumberland Park,E05000276,"7,763","25,090",29.2,20.635,103.714,-0.446,80.139
Haringey - St. Ann's,E05000277,"14,000","32,460",20.4,11.144,84.616,2.501,81.193
Haringey - Seven Sisters,E05000278,"12,500","33,500",24.4,10.149,85.364,3.554,82.083
Haringey - Stroud Green,E05000279,"10,909","44,780",10.1,5.507,91.231,-0.150,81.099
Haringey - Tottenham Green,E05000280,"10,929","28,920",22.7,12.227,130.373,-1.718,78.794
Haringey - Tottenham Hale,E05000281,"8,553","27,340",24.7,11.528,100.309,2.898,81.002
Haringey - West Green,E05000282,"9,821","31,110",23.9,11.716,85.097,9.344,82.661
Haringey - White Hart Lane,E05000283,"8,059","27,010",30.0,14.320,92.781,1.970,79.995
Haringey - Woodside,E05000284,"10,000","32,010",20.0,8.916,70.520,6.385,81.568
Harrow - Belmont,E05000285,"6,444","42,380",15.1,2.858,53.557,-15.219,85.400
Harrow - Canons,E05000286,"2,339","39,890",17.8,3.076,48.636,5.088,83.836
Harrow - Edgware,E05000287,"8,571","33,600",22.5,4.426,71.276,-9.207,84.517
Harrow - Greenhill,E05000288,"7,618","37,550",11.7,5.119,91.715,-9.034,81.744
Harrow - Harrow on the Hill,E05000289,"3,528","39,630",13.3,3.517,58.062,-5.286,83.479
Harrow - Harrow Weald,E05000290,"2,533","36,940",19.4,4.730,64.211,-3.703,82.692
Harrow - Hatch End,E05000291,"3,303","42,350",15.4,2.188,50.217,-14.161,84.466
Harrow - Headstone North,E05000292,"3,136","44,470",12.9,2.378,54.889,-0.536,86.390
Harrow - Headstone South,E05000293,"7,667","39,090",13.1,3.708,52.631,-6.228,83.783
Harrow - Kenton East,E05000294,"8,846","32,880",23.4,3.765,47.598,-8.258,84.092
Harrow - Kenton West,E05000295,"6,389","38,400",17.9,3.013,52.149,-11.477,83.848
Harrow - Marlborough,E05000296,"8,000","34,450",17.1,6.136,66.052,-10.623,83.193
Harrow - Pinner,E05000297,"3,106","43,950",14.7,2.812,53.318,-12.723,85.181
Harrow - Pinner South,E05000298,"4,417","49,420",11.4,1.943,36.599,-5.314,88.451
Harrow - Queensbury,E05000299,"7,688","35,030",20.8,3.157,49.673,-9.911,82.624
Harrow - Rayners Lane,E05000300,"7,600","40,310",13.7,2.980,49.888,-10.179,84.394
Harrow - Roxbourne,E05000301,"8,733","32,130",19.2,5.337,62.257,-10.128,83.419
Harrow - Roxeth,E05000302,"7,469","35,110",17.3,4.911,82.763,-5.771,82.954
Harrow - Stanmore Park,E05000303,"2,544","39,210",19.7,2.997,57.572,-6.548,84.645
Harrow - Wealdstone,E05000304,"9,708","32,080",20.9,6.642,69.117,-22.257,80.889
Harrow - West Harrow,E05000305,"7,067","40,210",13.4,4.025,41.516,-7.257,84.444
Havering - Brooklands,E05000306,"3,786","35,250",24.9,4.876,62.296,-4.519,79.101
Havering - Cranham,E05000307,"1,902","42,250",22.2,2.601,37.098,5.198,85.616
Havering - Elm Park,E05000308,"3,392","34,730",29.6,5.177,62.419,6.552,82.130
Havering - Emerson Park,E05000309,"2,609","43,790",23.1,2.311,55.626,-11.583,81.468
Havering - Gooshays,E05000310,"1,917","29,400",34.2,8.838,96.977,12.926,78.954
Havering - Hacton,E05000311,"4,960","39,740",25.3,3.147,49.100,-5.062,82.713
Havering - Harold Wood,E05000312,"1,730","37,010",25.8,4.761,60.971,1.819,81.576
Havering - Havering Park,E05000313,"1,327","33,590",30.4,6.197,59.637,12.460,79.235
Havering - Heaton,E05000314,"3,779","29,560",35.8,8.918,83.902,-0.070,78.912
Havering - Hylands,E05000315,"4,500","39,890",23.7,3.155,69.519,-7.308,84.654
Havering - Mawneys,E05000316,"4,317","35,820",29.6,4.685,57.536,-2.907,84.021
Havering - Pettits,E05000317,"3,238","40,010",25.7,3.075,51.668,1.478,82.694
Havering - Rainham and Wennington,E05000318,754,"34,470",29.8,5.163,81.749,4.003,82.255
Havering - Romford Town,E05000319,"5,931","37,160",21.0,5.054,109.744,-14.229,82.564
Havering - St. Andrew's,E05000320,"4,982","38,130",26.2,3.600,66.409,-9.970,82.071
Havering - South Hornchurch,E05000321,"2,199","33,160",31.4,7.188,77.487,8.269,80.181
Havering - Squirrel's Heath,E05000322,"5,096","41,740",20.0,3.851,58.234,-16.825,82.773
Havering - Upminster,E05000323,571,"47,580",19.0,1.575,52.535,2.544,82.495
Hillingdon - Barnhill,E05000324,"6,595","31,800",22.4,6.068,96.829,1.970,80.844
Hillingdon - Botwell,E05000325,"3,546","30,700",24.0,7.481,66.632,1.334,78.103
Hillingdon - Brunel,E05000326,"4,424","34,630",17.6,3.236,65.022,-1.600,80.255
Hillingdon - Cavendish,E05000327,"6,000","43,970",17.2,2.330,37.972,-6.006,83.458
Hillingdon - Charville,E05000328,"4,350","35,410",21.6,3.964,65.800,6.396,81.400
Hillingdon - Eastcote and East Ruislip,E05000329,"3,049","47,380",13.6,2.043,51.296,5.353,86.187
Hillingdon - Harefield,E05000330,500,"37,990",23.8,2.887,54.355,7.076,80.053
Hillingdon - Heathrow Villages,E05000331,547,"33,170",19.2,3.793,51.999,-3.366,80.958
Hillingdon - Hillingdon East,E05000332,"3,722","37,250",19.3,4.317,69.315,6.002,80.931
Hillingdon - Ickenham,E05000333,"1,726","48,770",14.6,1.470,40.868,6.511,85.050
Hillingdon - Manor,E05000334,"5,875","43,460",17.0,2.006,55.821,-5.640,83.402
Hillingdon - Northwood,E05000335,"1,453","46,550",13.3,2.441,50.501,7.052,83.793
Hillingdon - Northwood Hills,E05000336,"3,606","43,320",16.6,2.648,48.562,3.737,83.778
Hillingdon - Pinkwell,E05000337,"5,704","31,830",22.0,6.180,78.805,-2.947,82.417
Hillingdon - South Ruislip,E05000338,"1,723","40,060",18.3,3.474,49.287,10.198,81.541
Hillingdon - Townfield,E05000339,"4,171","30,430",24.7,7.712,121.272,2.078,79.603
Hillingdon - Uxbridge North,E05000340,"2,772","41,470",16.8,2.829,76.205,0.842,82.756
Hillingdon - Uxbridge South,E05000341,"4,758","34,270",14.1,3.848,48.402,-5.994,80.910
Hillingdon - West Drayton,E05000342,"4,257","32,680",24.3,5.215,92.303,-9.370,79.094
Hillingdon - West Ruislip,E05000343,"2,546","43,470",16.3,1.874,71.807,3.647,81.950
Hillingdon - Yeading,E05000344,"6,087","33,240",19.8,5.857,100.365,2.091,81.439
Hillingdon - Yiewsley,E05000345,"3,363","32,340",23.7,5.062,79.354,-2.894,81.276
Hounslow - Bedfont,E05000346,"2,966","31,870",24.0,5.469,56.027,5.792,79.550
Hounslow - Brentford,E05000347,"4,828","35,040",17.2,3.996,63.469,6.040,82.570
Hounslow - Chiswick Homefields,E05000348,"5,087","51,830",9.3,2.163,78.423,10.401,82.967
Hounslow - Chiswick Riverside,E05000349,"5,643","49,680",9.2,2.663,96.520,3.721,84.716
Hounslow - Cranford,E05000350,"4,722","30,860",20.2,6.038,72.868,-2.096,81.501
Hounslow - Feltham North,E05000351,"3,515","32,850",26.1,4.492,54.355,5.201,77.260
Hounslow - Feltham West,E05000352,"4,969","34,010",20.5,4.388,83.470,2.525,82.388
Hounslow - Hanworth,E05000353,"3,788","31,150",26.4,6.479,86.826,7.474,82.103
Hounslow - Hanworth Park,E05000354,"3,347","34,340",23.4,3.757,64.260,6.718,81.343
Hounslow - Heston Central,E05000355,"7,500","33,580",17.3,4.568,73.860,0.404,80.687
Hounslow - Heston East,E05000356,"6,400","34,030",16.1,4.403,64.338,6.136,83.353
Hounslow - Heston West,E05000357,"3,382","29,490",21.8,6.960,83.393,4.007,81.615
Hounslow - Hounslow Central,E05000358,"9,441","35,830",12.8,3.891,155.520,1.511,82.979
Hounslow - Hounslow Heath,E05000359,"5,446","32,530",15.7,5.624,80.791,3.599,83.158
Hounslow - Hounslow South,E05000360,"6,556","39,920",15.7,2.959,62.649,-4.844,85.398
Hounslow - Hounslow West,E05000361,"8,438","31,890",16.3,4.644,97.654,-4.799,78.896
Hounslow - Isleworth,E05000362,"6,125","34,790",19.9,4.518,70.911,1.420,81.079
Hounslow - Osterley and Spring Grove,E05000363,"2,135","42,140",10.8,2.924,50.224,8.847,83.094
Hounslow - Syon,E05000364,"4,862","37,040",16.4,4.104,67.971,6.584,78.047
Hounslow - Turnham Green,E05000365,"6,583","47,080",9.9,2.651,58.052,-1.573,83.861
Islington - Barnsbury,E05000366,"15,938","44,970",16.3,4.783,128.004,-7.660,79.034
Islington - Bunhill,E05000367,"14,455","39,200",15.8,6.309,40.781,-12.766,81.086
Islington - Caledonian,E05000368,"13,227","35,840",21.0,6.050,80.449,-9.703,80.433
Islington - Canonbury,E05000369,"15,438","40,590",19.2,6.466,116.298,1.669,82.574
Islington - Clerkenwell,E05000370,"13,444","43,350",15.1,5.101,51.766,-13.689,83.882
Islington - Finsbury Park,E05000371,"16,556","33,620",20.6,9.342,153.523,-1.433,78.031
Islington - Highbury East,E05000372,"11,950","47,810",13.4,4.447,120.538,1.793,82.268
Islington - Highbury West,E05000373,"14,364","43,800",12.6,5.856,70.642,0.662,80.684
Islington - Hillrise,E05000374,"15,125","39,090",17.9,7.361,92.311,3.397,80.115
Islington - Holloway,E05000375,"15,750","35,430",18.8,6.546,99.688,0.985,80.180
Islington - Junction,E05000376,"12,600","39,470",16.8,6.584,90.655,3.574,78.397
Islington - Mildmay,E05000377,"16,625","39,300",17.4,6.824,124.658,-6.695,81.052
Islington - St. George's,E05000378,"16,063","40,860",16.5,7.042,97.989,0.286,81.414
Islington - St. Mary's,E05000379,"13,500","46,190",15.5,5.209,158.076,3.031,80.838
Islington - St. Peter's,E05000380,"15,688","43,870",17.3,5.519,113.145,-3.472,78.363
Islington - Tollington,E05000381,"17,063","38,090",17.3,7.607,107.789,4.078,81.447
Kensington and Chelsea - Abingdon,E05000382,"16,917","54,690",6.3,2.824,71.634,2.804,85.696
Kensington and Chelsea - Brompton,E05000383,"8,700","64,320",6.6,1.550,59.870,3.800,86.012
Kensington and Chelsea - Campden,E05000384,"8,944","65,500",4.5,1.313,82.984,7.949,88.052
Kensington and Chelsea - Colville,E05000385,"20,625","43,560",13.1,6.125,177.268,6.104,82.828
Kensington and Chelsea - Courtfield,E05000386,"17,700","61,810",3.8,2.701,111.651,4.934,88.515
Kensington and Chelsea - Cremorne,E05000387,"13,250","43,920",15.4,4.790,81.199,8.318,84.705
Kensington and Chelsea - Earl's Court,E05000388,"18,100","44,100",8.4,4.966,120.807,-1.541,82.161
Kensington and Chelsea - Golborne,E05000389,"10,111","30,100",22.5,11.892,102.594,12.568,80.168
Kensington and Chelsea - Hans Town,E05000390,"14,417","58,100",9.2,2.194,125.563,4.512,86.553
Kensington and Chelsea - Holland,E05000391,"9,600","54,770",7.0,2.821,75.040,9.011,89.782
Kensington and Chelsea - Norland,E05000392,"12,214","53,430",14.2,4.985,78.713,7.295,84.655
Kensington and Chelsea - Notting Barns,E05000393,"15,750","36,690",19.4,8.948,90.888,5.693,81.383
Kensington and Chelsea - Pembridge,E05000394,"15,100","55,710",6.2,2.783,172.491,-0.046,84.224
Kensington and Chelsea - Queen's Gate,E05000395,"16,167","63,630",3.8,1.590,54.809,4.330,88.542
Kensington and Chelsea - Redcliffe,E05000396,"13,000","54,550",5.2,2.776,103.537,8.871,86.598
Kensington and Chelsea - Royal Hospital,E05000397,"7,944","60,600",9.0,1.912,94.590,14.914,82.888
Kensington and Chelsea - St. Charles,E05000398,"13,286","36,100",21.5,8.892,102.369,9.225,78.327
Kensington and Chelsea - Stanley,E05000399,"11,571","54,990",7.3,2.122,51.105,1.504,83.532
Kingston upon Thames - Alexandra,E05000400,"3,537","41,390",15.8,2.120,43.857,-5.784,85.203
Kingston upon Thames - Berrylands,E05000401,"6,467","42,330",11.9,2.323,36.204,-2.982,81.176
Kingston upon Thames - Beverley,E05000402,"5,447","40,700",15.2,2.863,67.801,1.838,81.306
Kingston upon Thames - Canbury,E05000403,"10,792","45,600",9.0,1.791,48.677,-4.964,83.420
Kingston upon Thames - Chessington North and Hook,E05000404,"4,711","37,230",21.9,2.609,49.557,-1.867,83.663
Kingston upon Thames - Chessington South,E05000405,"1,375","38,310",19.1,2.118,47.127,15.702,83.529
Kingston upon Thames - Coombe Hill,E05000406,"2,421","45,650",10.7,2.380,40.691,3.866,83.973
Kingston upon Thames - Coombe Vale,E05000407,"6,250","44,320",11.7,1.964,30.059,-5.089,84.623
Kingston upon Thames - Grove,E05000408,"6,105","41,410",8.5,2.074,118.362,0.143,83.060
Kingston upon Thames - Norbiton,E05000409,"8,077","34,650",17.7,4.794,62.237,3.458,78.801
Kingston upon Thames - Old Malden,E05000410,"5,361","41,760",15.7,2.101,40.236,-0.516,85.544
Kingston upon Thames - St. James,E05000411,"4,182","41,850",15.9,2.408,38.703,-1.740,81.866
Kingston upon Thames - St. Mark's,E05000412,"7,786","44,930",6.7,2.872,72.590,-0.771,82.956
Kingston upon Thames - Surbiton Hill,E05000413,"6,353","43,160",10.7,1.749,36.174,-10.377,81.107
Kingston upon Thames - Tolworth and Hook Rise,E05000414,"3,962","37,840",18.4,2.563,46.413,-10.658,83.500
Kingston upon Thames - Tudor,E05000415,"6,125","48,530",10.1,1.925,36.191,2.078,85.880
Lambeth - Bishop's,E05000416,"7,067","40,360",14.5,6.638,58.184,-2.823,80.929
Lambeth - Brixton Hill,E05000417,"14,864","39,050",13.8,7.747,116.735,1.667,78.753
Lambeth - Clapham Common,E05000418,"10,192","49,520",8.3,3.756,128.762,-2.359,80.716
Lambeth - Clapham Town,E05000419,"13,046","44,960",10.9,5.013,202.734,-2.096,77.437
Lambeth - Coldharbour,E05000420,"14,333","32,220",17.6,14.766,189.595,-6.485,80.849
Lambeth - Ferndale,E05000421,"17,556","39,480",13.3,6.647,208.565,-2.725,80.607
Lambeth - Gipsy Hill,E05000422,"8,625","36,650",18.4,7.763,103.972,4.511,80.273
Lambeth - Herne Hill,E05000423,"7,700","41,700",12.2,8.151,84.256,-2.687,81.381
Lambeth - Knight's Hill,E05000424,"9,967","36,950",15.9,8.704,101.003,-3.548,78.586
Lambeth - Larkhall,E05000425,"16,182","37,260",13.9,7.122,145.035,2.372,77.983
Lambeth - Oval,E05000426,"12,269","39,200",13.0,5.966,126.954,-0.931,80.225
Lambeth - Prince's,E05000427,"12,458","37,600",16.3,8.868,106.804,-9.260,81.068
Lambeth - St. Leonard's,E05000428,"10,643","39,880",12.6,7.191,133.529,-1.017,82.755
Lambeth - Stockwell,E05000429,"16,778","35,050",16.2,8.886,117.053,2.807,80.438
Lambeth - Streatham Hill,E05000430,"11,308","39,250",13.5,6.228,118.165,-3.197,79.180
Lambeth - Streatham South,E05000431,"8,559","36,710",17.0,7.369,87.434,2.047,82.814
Lambeth - Streatham Wells,E05000432,"10,067","38,270",13.9,5.786,90.189,-3.887,79.449
Lambeth - Thornton,E05000433,"12,046","41,880",14.2,5.743,83.462,-3.404,84.439
Lambeth - Thurlow Park,E05000434,"9,133","41,600",12.7,5.698,104.763,-6.029,82.272
Lambeth - Tulse Hill,E05000435,"16,000","35,610",14.7,10.643,122.770,-0.173,81.121
Lambeth - Vassall,E05000436,"13,591","34,830",16.0,11.145,121.472,-4.312,81.892
Lewisham - Bellingham,E05000437,"4,855","31,340",25.4,9.073,97.580,5.789,79.710
Lewisham - Blackheath,E05000438,"6,304","44,870",13.2,4.620,90.619,2.126,81.459
Lewisham - Brockley,E05000439,"10,559","38,100",11.8,8.321,118.936,-6.264,79.652
Lewisham - Catford South,E05000440,"8,158","39,070",17.3,6.473,60.388,-13.517,81.118
Lewisham - Crofton Park,E05000441,"8,882","42,560",15.3,6.120,74.402,-7.685,83.315
Lewisham - Downham,E05000442,"6,146","30,880",30.2,9.910,102.922,5.988,82.266
Lewisham - Evelyn,E05000443,"9,778","30,560",19.1,9.701,94.776,-5.149,79.307
Lewisham - Forest Hill,E05000444,"8,389","40,960",13.9,7.459,106.441,-3.917,80.372
Lewisham - Grove Park,E05000445,"6,208","36,150",22.5,6.933,72.831,-6.255,80.600
Lewisham - Ladywell,E05000446,"9,281","40,290",12.8,5.869,85.676,0.297,81.062
Lewisham - Lee Green,E05000447,"8,222","42,760",14.6,5.977,81.692,-3.576,82.429
Lewisham - Lewisham Central,E05000448,"8,976","35,760",16.1,8.035,123.979,-0.523,78.056
Lewisham - New Cross,E05000449,"9,306","31,520",17.9,9.678,134.666,-7.339,75.984
Lewisham - Perry Vale,E05000450,"9,324","39,130",16.2,7.042,85.722,-14.527,82.284
Lewisham - Rushey Green,E05000451,"8,778","34,670",18.0,9.026,113.265,2.271,81.303
Lewisham - Sydenham,E05000452,"9,353","37,060",18.7,8.008,92.348,-0.171,78.595
Lewisham - Telegraph Hill,E05000453,"11,233","37,230",14.4,8.485,82.424,-11.718,81.519
Lewisham - Whitefoot,E05000454,"6,659","32,840",25.9,8.767,98.888,1.294,83.040
Merton - Abbey,E05000455,"7,607","45,370",10.1,1.892,61.954,-0.813,81.478
Merton - Cannon Hill,E05000456,"4,341","42,320",17.0,2.913,55.713,6.712,85.264
Merton - Colliers Wood,E05000457,"10,182","38,780",13.3,3.370,105.604,1.212,82.047
Merton - Cricket Green,E05000458,"3,933","29,930",24.5,10.082,56.717,8.603,80.215
Merton - Dundonald,E05000459,"8,000","49,910",7.8,1.146,67.796,-2.174,85.130
Merton - Figge's Marsh,E05000460,"10,546","30,860",21.0,9.028,105.532,2.282,79.847
Merton - Graveney,E05000461,"11,222","35,580",15.8,6.541,75.139,-2.426,83.421
Merton - Hillside,E05000462,"7,708","51,480",6.4,1.250,35.648,-8.561,85.474
Merton - Lavender Fields,E05000463,"8,875","33,360",18.1,5.633,76.596,-1.139,81.739
Merton - Longthornton,E05000464,"6,967","34,350",19.1,5.732,82.586,2.579,81.310
Merton - Lower Morden,E05000465,"5,194","38,730",20.9,3.100,41.095,2.786,82.587
Merton - Merton Park,E05000466,"5,444","46,300",11.5,2.459,57.970,0.988,85.144
Merton - Pollards Hill,E05000467,"4,864","31,940",21.7,8.049,88.362,9.589,81.999
Merton - Ravensbury,E05000468,"5,694","32,330",23.7,6.568,70.526,10.439,79.140
Merton - Raynes Park,E05000469,"5,263","49,340",9.7,1.746,55.432,0.878,80.417
Merton - St. Helier,E05000470,"5,944","32,530",23.7,6.066,60.291,8.010,80.350
Merton - Trinity,E05000471,"9,136","47,380",9.2,2.643,87.569,5.266,81.604
Merton - Village,E05000472,"1,411","62,200",6.8,0.895,48.750,9.944,85.426
Merton - West Barnes,E05000473,"5,075","44,170",13.9,2.500,64.093,-0.205,83.035
Merton - Wimbledon Park,E05000474,"5,022","50,730",7.8,1.889,53.715,1.187,84.727
Newham - Beckton,E05000475,"2,540","34,100",19.2,6.068,82.560,-1.253,80.904
Newham - Boleyn,E05000476,"18,056","31,630",22.4,9.275,94.516,-4.139,82.947
Newham - Canning Town North,E05000477,"6,300","28,910",25.7,14.247,90.770,-1.364,79.640
Newham - Canning Town South,E05000478,"10,167","32,870",22.6,8.655,98.379,-9.424,79.112
Newham - Custom House,E05000479,"6,738","31,840",25.3,8.996,148.905,3.458,76.822
Newham - East Ham Central,E05000480,"16,200","32,380",19.3,8.344,111.807,-4.979,81.728
Newham - East Ham North,E05000481,"15,722","32,340",19.9,9.091,71.043,-1.130,78.575
Newham - East Ham South,E05000482,"8,861","31,430",24.3,9.632,82.789,1.902,79.963
Newham - Forest Gate North,E05000483,"13,750","34,270",17.8,8.672,94.882,-2.058,80.557
Newham - Forest Gate South,E05000484,"14,875","34,550",17.6,9.767,103.066,-9.311,77.778
Newham - Green Street East,E05000485,"23,071","31,570",20.3,9.379,75.782,-6.632,82.454
Newham - Green Street West,E05000486,"19,188","31,080",21.6,9.743,77.297,-9.868,81.733
Newham - Little Ilford,E05000487,"8,921","29,730",23.2,11.780,85.118,10.950,78.808
Newham - Manor Park,E05000488,"11,923","31,580",20.7,10.746,79.609,-0.026,78.882
Newham - Plaistow North,E05000489,"15,700","30,740",23.6,11.031,84.134,-6.086,81.569
Newham - Plaistow South,E05000490,"11,893","31,750",21.8,10.546,87.042,-3.097,80.790
Newham - Royal Docks,E05000491,"2,844","38,580",14.1,5.541,69.407,-2.683,81.884
Newham - Stratford and New Town,E05000492,"5,333","35,840",13.9,6.960,197.991,6.760,80.361
Newham - Wall End,E05000493,"10,750","32,330",19.6,8.056,66.405,-1.135,81.048
Newham - West Ham,E05000494,"12,269","32,310",20.9,10.383,81.291,6.058,81.019
Redbridge - Aldborough,E05000495,"1,797","37,310",19.6,5.088,83.893,6.831,80.177
Redbridge - Barkingside,E05000496,"8,767","39,620",17.2,4.011,72.511,-6.571,86.108
Redbridge - Bridge,E05000497,"4,596","39,320",19.9,4.309,77.185,3.257,84.107
Redbridge - Chadwell,E05000498,"9,900","36,700",18.5,6.221,87.282,-13.724,80.399
Redbridge - Church End,E05000499,"7,967","45,410",12.3,3.497,84.426,-8.172,83.004
Redbridge - Clayhall,E05000500,"5,480","41,450",17.0,3.702,54.119,4.709,84.364
Redbridge - Clementswood,E05000501,"12,423","30,230",18.6,9.328,119.589,-14.459,81.311
Redbridge - Cranbrook,E05000502,"5,563","38,290",17.6,4.870,84.447,6.700,81.122
Redbridge - Fairlop,E05000503,"3,611","37,560",21.2,5.160,80.858,8.139,82.064
Redbridge - Fullwell,E05000504,"6,046","35,690",23.4,5.680,77.201,4.108,84.490
Redbridge - Goodmayes,E05000505,"8,438","33,820",18.1,8.045,81.464,-10.347,81.142
Redbridge - Hainault,E05000506,"2,411","31,520",28.9,7.997,61.880,9.400,80.043
Redbridge - Loxford,E05000507,"13,423","28,500",20.1,10.761,97.028,-0.516,78.842
Redbridge - Mayfield,E05000508,"7,395","35,630",20.5,6.854,77.346,-1.868,82.372
Redbridge - Monkhams,E05000509,"3,452","48,780",15.0,1.948,52.334,1.768,83.134
Redbridge - Newbury,E05000510,"8,310","35,550",17.4,6.104,64.370,-4.845,84.090
Redbridge - Roding,E05000511,"5,435","41,040",15.9,4.811,74.319,5.396,83.349
Redbridge - Seven Kings,E05000512,"7,810","34,480",18.4,7.465,86.940,-0.020,81.618
Redbridge - Snaresbrook,E05000513,"6,100","45,160",14.9,3.061,73.663,-2.877,82.703
Redbridge - Valentines,E05000514,"9,900","34,900",16.6,8.664,109.839,-6.484,81.113
Redbridge - Wanstead,E05000515,"2,279","46,370",15.2,2.988,111.906,12.171,83.035
Richmond upon Thames - Barnes,E05000516,"3,500","55,450",9.1,2.177,69.372,11.149,85.258
Richmond upon Thames - East Sheen,E05000517,"1,810","56,090",6.6,1.442,57.566,14.803,86.385
Richmond upon Thames - Fulwell and Hampton Hill,E05000518,"5,421","48,810",10.8,2.035,47.247,-1.000,82.379
"Richmond upon Thames - Ham, Petersham & Richmond Riverside",E05000519,"1,122","44,870",14.1,3.365,55.808,17.507,82.821
Richmond upon Thames - Hampton,E05000520,"1,478","46,750",12.5,1.820,55.760,16.099,82.675
Richmond upon Thames - Hampton North,E05000521,"5,053","39,440",17.6,2.846,66.109,2.139,82.622
Richmond upon Thames - Hampton Wick,E05000522,"3,889","46,760",10.0,1.555,61.630,7.459,84.445
Richmond upon Thames - Heathfield,E05000523,"5,553","36,950",20.4,3.498,62.954,1.692,82.707
Richmond upon Thames - Kew,E05000524,"3,236","52,130",7.5,1.541,63.915,10.154,86.903
Richmond upon Thames - Mortlake and Barnes Common,E05000525,"5,816","50,100",9.8,2.277,78.469,5.384,84.671
Richmond upon Thames - North Richmond,E05000526,"3,911","50,860",10.2,2.043,67.055,6.629,85.894
Richmond upon Thames - St. Margarets & North Twickenham,E05000527,"5,775","52,870",6.6,1.490,60.954,2.621,85.445
Richmond upon Thames - South Richmond,E05000528,"4,093","52,690",7.1,1.920,80.281,5.916,84.030
Richmond upon Thames - South Twickenham,E05000529,"5,971","51,380",6.4,1.337,48.727,0.119,85.582
Richmond upon Thames - Teddington,E05000530,"2,454","50,600",7.7,1.713,40.607,7.883,83.267
Richmond upon Thames - Twickenham Riverside,E05000531,"5,325","51,350",6.2,1.349,66.134,4.114,82.930
Richmond upon Thames - West Twickenham,E05000532,"4,280","45,040",13.4,1.876,62.345,8.123,83.567
Richmond upon Thames - Whitton,E05000533,"6,250","42,230",17.0,2.647,58.829,-2.783,82.624
Southwark - Brunswick Park,E05000534,"14,833","36,310",15.2,10.263,96.843,-10.181,80.188
Southwark - Camberwell Green,E05000535,"15,450","31,840",19.3,11.669,118.015,-6.965,77.443
Southwark - Cathedrals,E05000536,"9,028","40,430",12.7,7.124,46.275,-13.039,79.890
Southwark - Chaucer,E05000537,"19,750","37,780",11.3,6.381,92.866,-12.067,82.139
Southwark - College,E05000538,"3,688","42,600",13.6,6.165,107.120,2.207,83.389
Southwark - East Dulwich,E05000539,"12,250","48,670",12.3,4.615,93.260,-10.051,82.289
Southwark - East Walworth,E05000540,"11,546","31,010",20.8,7.518,208.207,-2.237,80.413
Southwark - Faraday,E05000541,"14,333","30,760",21.8,10.590,112.254,0.236,81.559
Southwark - Grange,E05000542,"13,750","38,500",15.7,7.638,90.381,-14.995,78.633
Southwark - Livesey,E05000543,"10,357","28,880",23.8,12.893,100.887,-12.231,81.814
Southwark - Newington,E05000544,"18,563","34,190",19.4,7.739,125.713,-7.279,81.071
Southwark - Nunhead,E05000545,"10,539","33,540",21.1,11.589,98.117,-8.725,77.658
Southwark - Peckham,E05000546,"16,667","30,030",19.6,14.337,114.168,-8.738,78.478
Southwark - Peckham Rye,E05000547,"5,848","42,820",13.8,5.845,93.606,5.341,81.919
Southwark - Riverside,E05000548,"11,923","43,110",13.5,4.945,54.138,-8.314,81.721
Southwark - Rotherhithe,E05000549,"9,600","36,970",17.5,6.018,144.135,4.794,80.294
Southwark - South Bermondsey,E05000550,"14,050","31,150",21.9,8.718,118.312,-9.502,81.508
Southwark - South Camberwell,E05000551,"9,885","41,130",12.4,6.821,86.511,-12.359,83.826
Southwark - Surrey Docks,E05000552,"7,605","45,410",11.8,3.536,103.719,-4.829,80.447
Southwark - The Lane,E05000553,"11,357","37,940",17.5,9.769,149.795,-5.578,81.069
Southwark - Village,E05000554,"4,446","58,400",9.4,2.839,88.262,0.689,84.827
Sutton - Beddington North,E05000555,"2,110","39,290",19.8,3.589,51.934,9.595,83.263
Sutton - Beddington South,E05000556,"3,548","35,600",21.0,6.104,82.249,2.393,82.333
Sutton - Belmont,E05000557,"4,500","44,260",13.7,2.774,32.290,-12.328,83.168
Sutton - Carshalton Central,E05000558,"5,200","42,200",15.4,3.156,62.929,-1.371,83.530
Sutton - Carshalton South and Clockhouse,E05000559,"1,423","44,270",15.5,2.884,48.096,7.091,82.991
Sutton - Cheam,E05000560,"2,705","46,220",14.6,1.888,38.882,-4.077,82.855
Sutton - Nonsuch,E05000561,"5,737","42,640",18.6,1.811,54.614,-1.652,86.170
Sutton - St. Helier,E05000562,"8,200","31,040",27.3,7.587,63.807,0.942,80.785
Sutton - Stonecot,E05000563,"5,500","39,210",20.5,2.808,53.420,-2.080,81.416
Sutton - Sutton Central,E05000564,"8,769","35,660",18.6,5.540,97.719,-11.695,81.317
Sutton - Sutton North,E05000565,"5,605","38,060",21.6,3.459,64.452,-7.068,82.939
Sutton - Sutton South,E05000566,"7,654","40,460",15.7,3.714,46.865,-18.480,80.539
Sutton - Sutton West,E05000567,"6,056","41,610",13.5,2.361,45.601,-0.433,81.910
Sutton - The Wrythe,E05000568,"7,000","36,790",22.2,4.125,72.372,-5.462,79.987
Sutton - Wallington North,E05000569,"6,844","38,710",16.4,3.213,80.552,-2.453,82.378
Sutton - Wallington South,E05000570,"6,235","37,960",18.7,4.436,67.066,-6.064,82.566
Sutton - Wandle Valley,E05000571,"5,762","32,330",23.7,6.418,71.709,6.905,79.948
Sutton - Worcester Park,E05000572,"5,975","40,610",17.2,2.264,42.996,-0.656,84.106
Tower Hamlets - Bethnal Green North,E05000573,"17,813","36,230",22.1,12.453,127.962,3.279,78.221
Tower Hamlets - Bethnal Green South,E05000574,"16,333","32,860",21.4,10.431,140.776,5.800,79.321
Tower Hamlets - Blackwall and Cubitt Town,E05000575,"7,117","43,330",14.6,6.496,43.328,3.021,81.786
Tower Hamlets - Bow East,E05000576,"8,026","36,800",21.4,9.895,123.167,2.770,79.302
Tower Hamlets - Bow West,E05000577,"10,231","41,000",20.3,8.426,151.092,6.283,80.836
Tower Hamlets - Bromley-by-Bow,E05000578,"15,500","31,980",25.5,14.948,96.353,-1.067,81.250
Tower Hamlets - East India and Lansbury,E05000579,"13,000","29,680",30.7,18.652,103.996,0.788,78.166
Tower Hamlets - Limehouse,E05000580,"15,000","36,260",21.9,11.053,93.176,3.433,77.466
Tower Hamlets - Mile End and Globe Town,E05000581,"17,556","34,300",19.5,8.392,79.618,-0.990,78.555
Tower Hamlets - Mile End East,E05000582,"12,955","32,510",23.3,13.871,93.990,2.674,80.023
Tower Hamlets - Millwall,E05000583,"9,860","46,940",11.4,5.013,13.930,-4.628,82.653
Tower Hamlets - St. Dunstan's and Stepney Green,E05000584,"16,650","32,930",26.9,11.597,83.440,5.852,78.912
Tower Hamlets - St. Katherine's and Wapping,E05000585,"8,633","50,770",12.3,4.218,57.719,-2.054,81.461
Tower Hamlets - Shadwell,E05000586,"15,450","36,360",21.3,14.401,102.941,-3.870,81.248
Tower Hamlets - Spitalfields and Banglatown,E05000587,"18,417","39,910",17.2,10.792,82.822,-13.682,79.763
Tower Hamlets - Weavers,E05000588,"17,688","37,760",20.6,11.540,174.141,6.427,79.044
Tower Hamlets - Whitechapel,E05000589,"17,889","37,600",17.1,9.218,67.948,-9.234,77.018
Waltham Forest - Cann Hall,E05000590,"15,833","32,700",19.2,10.259,82.996,0.682,79.514
Waltham Forest - Cathall,E05000591,"12,000","30,950",19.3,12.920,87.240,4.181,81.472
Waltham Forest - Chapel End,E05000592,"8,056","36,440",18.7,7.993,82.560,5.338,83.391
Waltham Forest - Chingford Green,E05000593,"2,851","39,280",24.2,4.780,84.010,8.200,82.116
Waltham Forest - Endlebury,E05000594,"5,525","38,580",23.5,4.652,80.668,3.219,85.644
Waltham Forest - Forest,E05000595,"6,550","36,080",19.3,7.131,85.597,6.590,81.484
Waltham Forest - Grove Green,E05000596,"16,833","36,350",15.7,7.145,92.653,-5.121,83.539
Waltham Forest - Hale End and Highams Park,E05000597,"5,196","39,490",20.0,6.620,77.707,4.957,83.522
Waltham Forest - Hatch Lane,E05000598,"4,729","36,110",26.2,6.538,81.520,3.301,80.397
Waltham Forest - High Street,E05000599,"4,726","34,810",18.3,8.141,188.646,18.309,82.627
Waltham Forest - Higham Hill,E05000600,"4,328","31,270",23.7,11.283,71.062,10.929,80.876
Waltham Forest - Hoe Street,E05000601,"13,091","34,890",19.0,11.617,126.552,0.679,79.659
Waltham Forest - Larkswood,E05000602,"5,619","35,170",26.2,6.394,78.014,8.537,82.292
Waltham Forest - Lea Bridge,E05000603,"6,192","31,450",23.0,11.676,99.479,12.375,78.088
Waltham Forest - Leyton,E05000604,"7,400","31,040",21.1,12.474,96.956,8.253,80.512
Waltham Forest - Leytonstone,E05000605,"10,269","38,700",15.1,7.288,116.889,-2.961,80.643
Waltham Forest - Markhouse,E05000606,"9,733","33,780",20.8,11.285,107.831,7.810,81.235
Waltham Forest - Valley,E05000607,"5,900","34,250",26.1,7.825,142.071,-0.412,82.978
Waltham Forest - William Morris,E05000608,"13,650","35,070",20.4,8.963,70.368,-0.088,80.363
Waltham Forest - Wood Street,E05000609,"7,694","35,130",20.8,9.712,96.990,1.720,80.244
Wandsworth - Balham,E05000610,"12,375","53,420",7.1,2.280,117.676,-6.922,84.581
Wandsworth - Bedford,E05000611,"8,222","46,410",9.1,2.797,124.434,2.475,81.332
Wandsworth - Earlsfield,E05000612,"11,214","44,360",11.9,3.017,70.126,1.266,81.884
Wandsworth - East Putney,E05000613,"9,625","49,010",7.9,2.137,61.428,-7.137,83.310
Wandsworth - Fairfield,E05000614,"9,967","48,590",8.5,2.431,98.020,-6.493,80.777
Wandsworth - Furzedown,E05000615,"11,179","38,240",15.5,6.365,69.146,-4.774,82.366
Wandsworth - Graveney,E05000616,"15,400","37,960",14.7,5.049,124.069,-9.414,82.052
Wandsworth - Latchmere,E05000617,"14,182","34,990",17.9,7.868,110.355,-1.584,79.676
Wandsworth - Nightingale,E05000618,"12,292","50,790",8.9,2.727,99.843,-7.542,79.371
Wandsworth - Northcote,E05000619,"8,853","55,810",6.7,2.310,137.205,-0.442,84.891
Wandsworth - Queenstown,E05000620,"5,719","39,580",11.9,4.691,71.638,2.452,82.119
Wandsworth - Roehampton,E05000621,"3,864","30,320",18.2,7.834,65.911,10.339,79.566
Wandsworth - St. Mary's Park,E05000622,"12,071","44,720",11.4,4.762,82.877,-0.977,78.575
Wandsworth - Shaftesbury,E05000623,"15,944","50,410",10.9,2.766,117.410,-9.665,81.524
Wandsworth - Southfields,E05000624,"10,933","48,160",10.1,2.641,81.577,-4.333,83.173
Wandsworth - Thamesfield,E05000625,"7,921","55,380",6.3,1.300,99.528,3.933,85.879
Wandsworth - Tooting,E05000626,"10,563","36,000",14.4,5.608,61.279,-0.671,81.111
Wandsworth - Wandsworth Common,E05000627,"5,607","51,420",11.0,2.021,74.818,3.404,80.586
Wandsworth - West Hill,E05000628,"9,765","40,360",14.3,4.637,54.986,-1.217,80.046
Wandsworth - West Putney,E05000629,"8,389","43,280",14.5,3.786,72.556,-4.583,81.162
Westminster - Abbey Road,E05000630,"10,318","52,200",10.0,2.264,56.747,-1.117,87.919
Westminster - Bayswater,E05000631,"20,700","49,960",7.5,4.198,130.640,3.355,84.494
Westminster - Bryanston and Dorset Square,E05000632,"17,643","51,370",8.2,3.555,83.682,-7.147,85.925
Westminster - Churchill,E05000633,"16,750","39,530",19.1,6.580,134.897,4.608,82.840
Westminster - Church Street,E05000634,"29,750","26,290",28.1,12.268,70.776,0.154,80.954
Westminster - Harrow Road,E05000635,"24,300","35,000",18.4,10.504,85.365,-11.465,80.051
Westminster - Hyde Park,E05000636,"13,000","46,880",11.1,2.911,61.462,0.992,83.316
Westminster - Knightsbridge and Belgravia,E05000637,"2,736","88,330",5.7,0.407,61.573,12.603,90.256
Westminster - Lancaster Gate,E05000638,"22,417","49,290",7.1,3.287,157.369,-2.173,85.671
Westminster - Little Venice,E05000639,"18,000","48,770",11.5,3.326,93.046,0.326,82.896
Westminster - Maida Vale,E05000640,"17,167","45,660",13.2,4.688,97.347,8.907,83.526
Westminster - Marylebone High Street,E05000641,"10,750","58,370",5.8,1.265,64.011,-1.823,84.892
Westminster - Queen's Park,E05000642,"21,250","32,260",22.6,13.312,71.916,-11.694,79.951
Westminster - Regent's Park,E05000643,"5,326","46,510",13.0,2.373,61.497,16.860,85.367
Westminster - St. James's,E05000644,"3,271","52,520",10.7,5.893,63.645,8.063,83.968
Westminster - Tachbrook,E05000645,"20,750","47,340",12.5,2.715,77.990,7.679,83.787
Westminster - Vincent Square,E05000646,"14,714","46,550",11.7,4.156,33.143,9.540,82.469
Westminster - Warwick,E05000647,"15,917","50,250",9.4,3.853,56.696,3.438,84.304
Westminster - Westbourne,E05000648,"18,500","32,390",22.4,9.380,83.769,5.580,78.271
Westminster - West End,E05000649,"5,475","54,970",9.6,3.135,91.256,-5.032,82.881