,ward code,ward name,population density,median household income,unemployment rate,crime rate,% no qualifications,% no unpaid care,% healthy resident,open space,life expectancy
0,E09000001,City of London,2538.0,63620.0,2.235,13.977,6.7,92.18983050847459,96.66440677966102,-6.479,86.394
1,E05000026,Abbey,10500.0,33920.0,8.906,120.786,16.4,93.24260910370718,95.67495698420147,-0.89,81.998
2,E05000027,Alibon,7429.0,32470.0,10.203,93.15,31.2,90.98700048146365,93.28839672604718,-1.791,78.99
3,E05000028,Becontree,9269.0,33000.0,9.93,104.663,28.0,91.39021221307925,93.03594629709832,-5.47,79.23
4,E05000029,Chadwell Heath,2985.0,33920.0,8.591,83.69,29.1,90.40015966470412,93.19429198682766,1.978,80.761
5,E05000030,Eastbrook,3029.0,37400.0,8.293,61.601,29.9,90.37692747001714,94.0890919474586,5.688,79.212
6,E05000031,Eastbury,8357.0,32870.0,10.2,88.307,28.9,91.01858224363386,93.56503785271852,-8.238,82.048
7,E05000032,Gascoigne,12773.0,29480.0,12.187,109.575,25.5,93.23000321233536,94.16158046900097,-10.013,78.17
8,E05000033,Goresbrook,8692.0,33250.0,9.478,97.824,30.0,91.26653057601845,93.64515842726546,4.827,80.255
9,E05000034,Heath,5475.0,31340.0,11.851,77.107,32.1,91.14592990914147,93.31540886334136,0.441,78.502
10,E05000035,Longbridge,7281.0,40570.0,5.344,73.239,22.7,90.47743509322181,95.44345704826624,-2.19,82.24
11,E05000036,Mayesbrook,5474.0,31530.0,9.28,94.73,32.1,90.20498936375942,93.00908915103462,2.426,80.024
12,E05000037,Parsloes,8250.0,31860.0,9.462,80.694,31.8,90.72060168716332,92.87529220449233,-1.712,79.891
13,E05000038,River,3167.0,33490.0,8.455,62.899,29.9,91.4675455460954,94.58024352284171,2.923,76.543
14,E05000039,Thames,1867.0,32580.0,8.726,74.486,24.1,92.81319910514542,94.4351230425056,-6.328,80.053
15,E05000040,Valence,7692.0,33200.0,9.277,83.824,32.1,90.3010033444816,92.39890544238371,-2.382,78.847
16,E05000041,Village,5167.0,31960.0,11.868,105.654,30.3,91.78640956707147,93.92787614721423,7.87,78.451
17,E05000042,Whalebone,6781.0,37180.0,6.752,90.005,24.0,90.13711583924349,95.08274231678487,-15.172,83.446
18,E05000043,Brunswick Park,5219.0,39800.0,3.836,57.274,17.4,89.4778577528364,95.33365865560572,0.808,83.531
19,E05000044,Burnt Oak,8857.0,29400.0,6.76,74.375,23.6,91.44205961464567,93.90130098259867,-7.41,78.825
20,E05000045,Childs Hill,6516.0,38960.0,6.158,96.495,13.7,91.8599431393087,94.97231782133773,-1.013,81.107
21,E05000046,Colindale,8250.0,30170.0,4.649,56.375,18.0,93.06936483799275,95.22166335243888,-6.354,83.935
22,E05000047,Coppetts,6426.0,38090.0,4.732,104.066,15.0,91.56521739130434,94.94492753623189,-2.035,80.553
23,E05000048,East Barnet,4303.0,39870.0,4.061,58.058,17.1,89.80603581830576,95.42665923034022,4.266,83.153
24,E05000049,East Finchley,6440.0,41160.0,4.034,55.16,14.1,91.85690161986365,95.28425792732503,-3.45,83.6
25,E05000050,Edgware,3018.0,38410.0,4.215,69.218,17.0,90.1781444285031,95.70779531324725,-3.773,85.588
26,E05000051,Finchley Church End,5926.0,45030.0,3.189,48.42,12.3,90.73496659242761,96.40470887686924,-13.338,86.381
27,E05000052,Garden Suburb,3436.0,53090.0,1.94,57.443,8.2,91.63161529286208,97.29424320421872,1.413,87.129
28,E05000053,Golders Green,7150.0,40800.0,4.617,70.384,16.4,91.60909767244128,95.61589967052822,-8.931,81.646
29,E05000054,Hale,3250.0,38590.0,3.96,63.49,17.8,90.1129781499111,95.37764523713942,-5.144,83.661
30,E05000055,Hendon,6625.0,38530.0,4.652,72.516,13.5,92.25855348635773,95.93438718059765,-7.332,82.159
31,E05000056,High Barnet,1874.0,43940.0,2.71,65.457,13.1,89.7367217612857,95.73397791859934,3.758,83.135
32,E05000057,Mill Hill,2011.0,41920.0,3.783,68.654,14.0,90.22275215435478,95.9893772695247,3.683,85.25
33,E05000058,Oakleigh,4833.0,41670.0,3.525,60.134,14.7,89.92473594333059,95.37663651887927,-7.786,82.69
34,E05000059,Totteridge,1796.0,46150.0,2.459,42.326,13.0,90.36216109242035,96.04195527409459,8.001,84.547
35,E05000060,Underhill,3554.0,37040.0,5.234,60.472,21.6,89.48790449261703,94.43920829406221,4.524,81.001
36,E05000061,West Finchley,7591.0,42050.0,3.303,62.228,12.2,91.7377366479163,95.7720921792778,-16.064,82.952
37,E05000062,West Hendon,5279.0,35090.0,5.201,98.212,17.8,91.36880818296747,95.03505344213309,-0.177,83.36
38,E05000063,Woodhouse,6846.0,38220.0,4.593,78.52,15.7,90.42958748221906,94.76529160739688,-11.519,83.075
39,E05000064,Barnehurst,3672.0,38200.0,3.372,54.267,23.1,89.26857362257631,95.50777500479938,-1.742,82.561
40,E05000065,Belvedere,3828.0,33510.0,6.055,74.656,23.7,90.92514718250631,94.71825063078218,4.519,82.558
41,E05000066,Blackfen and Lamorbey,6353.0,40780.0,2.035,41.318,22.4,89.44046721929163,95.83647324792766,-5.006,85.423
42,E05000067,Blendon and Penhill,5286.0,40340.0,2.386,47.665,21.5,89.28505957836846,95.95783684692942,1.076,84.368
43,E05000068,Brampton,5350.0,40790.0,2.345,44.936,22.9,87.73942727100322,95.57178076996018,-8.517,85.085
44,E05000069,Christchurch,4500.0,40190.0,3.25,80.664,21.0,89.9954400364797,95.84131326949384,-2.885,81.633
45,E05000070,Colyers,7094.0,34450.0,6.264,55.782,25.1,90.23184759166068,94.01509705248023,-11.956,81.634
46,E05000071,Crayford,2925.0,34900.0,4.846,52.169,25.3,90.41510778549795,94.53946196329949,-2.912,81.876
47,E05000072,Cray Meadows,1583.0,35530.0,4.053,46.308,25.1,89.17640760239136,94.03051664138485,10.594,81.884
48,E05000073,Danson Park,4093.0,38580.0,3.145,66.546,23.0,89.64469808541973,95.42525773195877,5.901,82.208
49,E05000074,East Wickham,5023.0,36260.0,4.22,60.027,26.4,88.6535273531037,94.63989685024866,-2.353,83.08
50,E05000075,Erith,2615.0,33160.0,6.437,74.462,23.6,90.94001493404132,94.69841533228241,6.928,81.913
51,E05000076,Falconwood and Welling,6471.0,39000.0,2.989,65.394,22.1,89.29629629629629,96.37962962962962,-9.439,83.221
52,E05000077,Lesnes Abbey,4792.0,35630.0,5.313,77.879,23.8,89.96121981315001,94.51789176802397,4.837,82.895
53,E05000078,Longlands,4096.0,40880.0,2.791,40.351,20.9,89.73376747749472,94.93392070484582,2.796,81.793
54,E05000079,North End,2070.0,29930.0,8.587,82.666,28.8,90.80062251426595,94.23309700847311,14.846,78.662
55,E05000080,Northumberland Heath,5972.0,37130.0,3.529,61.706,23.3,89.14889601811663,95.46140781279486,-5.899,82.802
56,E05000081,St Mary's,2421.0,44010.0,1.996,43.448,18.9,89.12401105709657,96.05376036602803,6.055,84.908
57,E05000082,St Michael's,8071.0,38510.0,3.507,41.521,21.8,89.50157162101482,95.89582397844634,-8.585,82.757
58,E05000083,Sidcup,4093.0,41220.0,1.995,43.154,19.1,90.16967908520841,95.29693839911472,3.82,81.6
59,E05000084,Thamesmead East,2583.0,32100.0,9.46,64.327,20.8,92.8642301967918,95.25384488175955,9.906,79.928
60,E05000085,Alperton,7048.0,31250.0,4.63,69.671,22.1,91.00378112292216,95.63387315402724,-7.937,82.504
61,E05000086,Barnhill,5367.0,34630.0,6.79,77.675,18.1,91.24397666751204,94.28734466142531,6.821,79.381
62,E05000087,Brondesbury Park,7794.0,40020.0,5.426,92.673,15.9,92.25216923903862,94.09506258158642,-14.659,84.015
63,E05000088,Dollis Hill,5935.0,30990.0,8.095,63.315,24.4,91.1731843575419,94.57728119180632,0.072,85.53
64,E05000089,Dudden Hill,9118.0,33470.0,9.131,100.918,19.8,92.05126502423799,94.82701374593266,-4.034,84.643
65,E05000090,Fryent,5130.0,35590.0,5.32,67.688,20.3,91.05987355894385,95.09111193752324,8.881,82.439
66,E05000091,Harlesden,15773.0,27030.0,23.509,119.764,24.1,92.40181796993357,93.4331662976343,-14.05,80.498
67,E05000092,Kensal Green,13682.0,34640.0,12.963,115.185,19.7,92.20918538384177,94.25410660408984,-3.676,84.278
68,E05000093,Kenton,5413.0,42190.0,2.558,65.527,17.3,89.00519245034204,95.26910079947251,-2.233,87.337
69,E05000094,Kilburn,19333.0,34270.0,13.047,104.217,17.1,92.84242745305787,93.69592088998763,-13.448,83.078
70,E05000095,Mapesbury,11357.0,36830.0,7.386,99.325,14.5,93.13542404533453,95.18320561530041,-10.167,81.474
71,E05000096,Northwick Park,4889.0,41100.0,3.112,54.07,13.4,90.18031379283428,96.00343454843494,-1.114,82.722
72,E05000097,Preston,6542.0,35960.0,4.901,65.738,17.5,90.7522295463358,95.33410882771099,0.286,82.671
73,E05000098,Queens Park,10300.0,42880.0,6.729,90.591,13.3,92.59865192068581,95.58274982003796,-5.057,83.809
74,E05000099,Queensbury,8050.0,35110.0,4.302,78.585,21.4,90.26064005278785,94.47707027383701,-0.769,82.157
75,E05000100,Stonebridge,4232.0,25800.0,13.666,76.774,25.9,91.19091285570609,93.09590013607053,-12.116,79.282
76,E05000101,Sudbury,7238.0,33530.0,5.879,62.905,18.1,90.38795986622074,94.67558528428094,4.41,81.432
77,E05000102,Tokyngton,6161.0,33130.0,4.88,74.981,19.4,91.3737173121483,94.9486924859318,-6.265,80.98
78,E05000103,Welsh Harp,6065.0,31620.0,7.467,79.592,22.6,90.87471824329238,94.41576383334545,8.567,82.859
79,E05000104,Wembley Central,9719.0,31040.0,6.214,114.391,20.7,90.07265566646296,94.66286412711347,-6.634,83.423
80,E05000105,Willesden Green,10600.0,31390.0,8.736,114.768,18.5,93.25720151408224,95.07281709116572,-0.208,80.428
81,E05000106,Bickley,3133.0,47190.0,2.147,45.738,14.5,90.05166247185058,96.00609352232084,-8.43,81.617
82,E05000107,Biggin Hill,1223.0,40930.0,2.659,67.742,18.3,89.50859210129634,96.56315948145915,-1.427,84.586
83,E05000108,Bromley Common and Keston,1898.0,40510.0,3.836,58.064,20.5,89.80348044729702,95.62628200886654,11.912,83.338
84,E05000109,Bromley Town,4797.0,43460.0,3.426,80.683,13.1,91.27540710804706,96.63021514323071,-1.231,81.514
85,E05000110,Chelsfield and Pratts Bottom,1167.0,44850.0,2.083,43.834,16.4,89.17763838147101,96.856689873854,10.083,85.413
86,E05000111,Chislehurst,1462.0,46250.0,2.846,72.244,15.8,89.82536578787675,95.99487559840874,6.828,82.134
87,E05000112,Clock House,6870.0,41650.0,3.794,69.945,15.2,91.57455012853471,96.24678663239075,-2.899,82.726
88,E05000113,Copers Cope,4773.0,43170.0,3.001,84.309,12.1,91.32016632016632,96.51117463617463,-4.959,82.022
89,E05000114,Cray Valley East,1177.0,32230.0,5.881,90.046,27.9,89.6924571058595,94.3282615733247,11.544,81.38
90,E05000115,Cray Valley West,4372.0,31740.0,6.857,73.079,28.5,89.70123442065716,93.66688532410996,-0.777,81.487
91,E05000116,Crystal Palace,5478.0,34060.0,7.921,120.955,16.9,92.60709914320685,94.67972256221951,11.59,79.38
92,E05000117,Darwin,181.0,42810.0,1.632,49.72,21.9,87.72994129158512,96.4774951076321,7.184,82.674
93,E05000118,Farnborough and Crofton,2121.0,44590.0,2.307,41.59,18.1,88.57299070530344,96.35046473482778,3.66,85.46
94,E05000119,Hayes and Coney Hall,1500.0,45660.0,2.421,45.532,15.7,88.97900163460329,96.88796680497926,13.751,84.192
95,E05000120,Kelsey and Eden Park,3106.0,44700.0,2.894,76.416,17.1,88.99446262270325,96.41328970551221,4.626,85.342
96,E05000121,Mottingham and Chislehurst North,4250.0,32330.0,7.126,124.769,26.0,89.9969960949234,94.16241113447482,5.477,80.495
97,E05000122,Orpington,3616.0,38090.0,4.759,83.025,22.3,88.92952779047744,95.46731108353471,-5.481,84.094
98,E05000123,Penge and Cator,5883.0,36090.0,7.416,100.3,17.0,91.82153988225788,95.21528338912617,4.052,82.351
99,E05000124,Petts Wood and Knoll,3221.0,48530.0,2.045,46.964,15.2,88.72610065196689,96.82807120357482,-0.439,85.935
100,E05000125,Plaistow and Sundridge,3850.0,39460.0,4.558,67.664,18.6,90.86761010448353,95.24533791826478,0.345,79.885
101,E05000126,Shortlands,4020.0,48020.0,1.622,49.29,12.1,89.30171009771986,97.06840390879479,-6.278,87.069
102,E05000127,West Wickham,3443.0,46210.0,2.246,37.343,15.2,89.09567320612739,96.88927707605482,-1.856,84.456
103,E05000128,Belsize,15938.0,52680.0,3.212,71.01,8.4,93.43410486537553,96.1423397890096,-5.238,86.292
104,E05000129,Bloomsbury,11650.0,40340.0,4.181,60.611,7.8,93.7385236871098,95.37275064267352,0.89,84.029
105,E05000130,Camden Town with Primrose Hill,10792.0,45840.0,5.427,199.476,11.7,91.11234440656466,94.35503052406247,2.075,84.574
106,E05000131,Cantelowes,15375.0,39060.0,6.281,113.4,13.9,90.9601677148847,93.60167714884696,-2.027,81.759
107,E05000132,Fortune Green,12000.0,46800.0,4.884,84.447,9.2,92.70868824531516,95.46848381601363,1.185,85.33
108,E05000133,Frognal and Fitzjohns,8133.0,60310.0,1.696,62.776,6.1,93.18371433338896,97.39696312364426,-6.956,86.547
109,E05000134,Gospel Oak,16357.0,39990.0,6.252,71.89,17.8,90.21661931818183,91.96555397727273,-1.925,83.278
110,E05000135,Hampstead Town,4540.0,62840.0,1.555,56.15,6.1,92.06743566992014,96.60159716060338,8.866,87.399
111,E05000136,Haverstock,18000.0,35730.0,7.613,96.587,18.6,91.41054674862504,92.59948236816564,-7.444,81.674
112,E05000137,Highgate,3484.0,47840.0,4.911,74.073,12.6,88.87266088544044,94.02099497946143,15.823,85.111
113,E05000138,Holborn and Covent Garden,11250.0,40180.0,6.097,45.86,12.9,92.52092451816017,93.78023496890118,-9.436,84.417
114,E05000139,Kentish Town,13750.0,41230.0,5.688,76.563,13.6,92.53186256242081,94.46970261608408,-0.873,78.575
115,E05000140,Kilburn,17500.0,34730.0,7.794,126.728,17.4,92.21631500249211,92.33261339092873,-5.364,78.542
116,E05000141,King's Cross,20833.0,32890.0,7.472,67.135,12.1,93.75158321371273,94.78172760280334,-2.246,83.812
117,E05000142,Regent's Park,10962.0,34260.0,6.397,51.195,17.5,92.26788882318155,93.76848018923714,6.703,80.671
118,E05000143,St Pancras and Somers Town,10786.0,30500.0,9.833,58.469,22.7,91.10580402373716,91.8222608192213,1.282,79.552
119,E05000144,Swiss Cottage,10077.0,50340.0,2.967,84.254,9.0,93.2248062015504,96.24806201550388,-0.65,84.645
120,E05000145,West Hampstead,13722.0,46290.0,4.409,99.387,9.5,93.04311774461029,94.7927031509121,0.802,83.356
121,E05000146,Addiscombe,10844.0,38070.0,4.956,83.597,15.3,92.29994669193864,95.17265888763845,-20.34,80.526
122,E05000147,Ashburton,5556.0,38600.0,5.413,70.599,19.5,89.6338563956253,95.5369879763603,5.147,82.615
123,E05000148,Bensham Manor,11750.0,33530.0,8.428,95.206,17.9,91.54373186840319,95.30275908894512,-10.315,83.013
124,E05000149,Broad Green,7185.0,31000.0,8.369,135.045,20.2,92.016941882908,94.71906497962685,-11.179,80.236
125,E05000150,Coulsdon East,1630.0,42660.0,3.814,44.827,18.2,89.15387128389415,95.68768376347599,10.702,84.932
126,E05000151,Coulsdon West,2770.0,46610.0,2.715,60.926,15.1,90.08848241504944,96.21533199494387,-5.068,81.697
127,E05000152,Croham,4614.0,42260.0,4.538,80.632,12.0,91.42495250158328,96.53578214059532,-2.151,81.388
128,E05000153,Fairfield,5066.0,39130.0,4.067,116.88,12.3,92.47389703663468,95.94423320659062,-10.478,80.823
129,E05000154,Fieldway,7800.0,26720.0,10.226,81.84,34.4,90.74832302465371,93.54473386183464,-10.81,80.104
130,E05000155,Heathfield,1552.0,39770.0,4.039,92.222,17.2,89.5178990388254,95.82986452735942,8.539,83.884
131,E05000156,Kenley,2369.0,44160.0,3.881,51.045,14.6,90.31805425631431,96.34504877722839,0.592,81.655
132,E05000157,New Addington,4604.0,28770.0,7.923,79.734,34.8,89.85279140820295,93.88945468012221,5.535,78.761
133,E05000158,Norbury,6740.0,36810.0,6.366,87.273,16.2,90.25248846807477,95.41757708181598,-0.584,81.572
134,E05000159,Purley,3607.0,44600.0,4.262,77.461,12.9,90.51824467720955,96.17306770726364,-8.535,83.266
135,E05000160,Sanderstead,2071.0,47030.0,2.793,37.835,15.1,88.1192768255459,96.34499491273381,3.249,84.894
136,E05000161,Selhurst,7978.0,31220.0,9.678,100.993,18.9,91.88367335655443,94.03991817327362,-12.442,77.084
137,E05000162,Selsdon and Ballards,1883.0,45320.0,2.782,42.757,15.2,87.94265722331257,96.57820633159827,7.376,86.417
138,E05000163,Shirley,5214.0,39500.0,4.652,58.602,19.1,88.6541689983212,95.66312255176274,-8.044,84.333
139,E05000164,South Norwood,6979.0,34430.0,9.357,101.084,15.9,91.96633975057513,95.16285264559873,-3.16,80.586
140,E05000165,Thornton Heath,9853.0,33720.0,11.141,94.324,18.7,91.5835298385634,95.27178184896306,-11.466,80.372
141,E05000166,Upper Norwood,6308.0,37430.0,7.88,86.487,16.6,90.50491232433777,95.51672677527671,0.658,80.375
142,E05000167,Waddon,4847.0,34630.0,6.423,77.511,19.1,91.37436317854424,94.85272588862213,6.255,78.13
143,E05000168,West Thornton,8925.0,32400.0,7.701,104.195,17.9,90.74847046715078,94.88821544971124,-4.977,81.01
144,E05000169,Woodside,7727.0,33890.0,8.211,99.882,17.1,91.66815982798782,95.46676222899121,0.177,81.845
145,E05000170,Acton Central,8750.0,36500.0,6.813,118.912,14.3,92.88260841381992,94.76891164840863,5.582,82.623
146,E05000171,Cleveland,6750.0,41730.0,5.724,62.716,13.1,91.76397856848469,95.23286165682099,4.23,82.973
147,E05000172,Dormers Wells,6152.0,29350.0,8.819,71.025,23.5,89.96405463695183,93.64485981308411,8.337,80.569
148,E05000173,Ealing Broadway,7868.0,45540.0,3.45,108.936,7.3,92.2731484781524,96.00826858649938,-7.659,81.49
149,E05000174,Ealing Common,6810.0,43600.0,4.58,93.684,10.8,92.38176760111277,95.72009415792853,5.999,80.755
150,E05000175,East Acton,4523.0,32930.0,7.587,70.465,15.0,92.87394418903025,94.9160697102534,2.65,82.349
151,E05000176,Elthorne,7450.0,38970.0,5.627,88.355,15.1,92.40663044225876,95.23350987000482,1.743,81.112
152,E05000177,Greenford Broadway,7120.0,30500.0,7.275,99.261,21.9,91.72198581560284,94.46808510638299,2.918,80.139
153,E05000178,Greenford Green,4265.0,35420.0,4.532,72.557,17.8,91.47675796222732,95.47006760052965,4.548,82.792
154,E05000179,Hanger Hill,4788.0,44760.0,3.13,66.119,9.2,92.20487115223958,96.58119658119658,-5.841,85.008
155,E05000180,Hobbayne,6523.0,36220.0,5.484,66.455,18.2,91.20809614168249,94.84152083772577,6.132,81.559
156,E05000181,Lady Margaret,9433.0,32520.0,6.442,64.419,19.8,89.42937324602433,95.04929121393107,5.61,80.895
157,E05000182,Northfield,9133.0,48480.0,2.438,58.154,8.7,91.93608049123327,96.64866464452172,4.433,83.934
158,E05000183,North Greenford,4656.0,36480.0,3.757,71.129,16.9,91.00115544076667,95.86080337116836,10.389,84.288
159,E05000184,Northolt Mandeville,5482.0,31950.0,7.33,73.766,21.5,91.46413752222881,95.20516366989395,11.358,82.814
160,E05000185,Northolt West End,4371.0,28550.0,9.121,97.742,25.1,91.06540572713445,94.1141458898221,8.332,80.409
161,E05000186,Norwood Green,3750.0,29020.0,10.068,70.738,21.8,88.846921322691,92.87343215507413,12.517,79.622
162,E05000187,Perivale,4574.0,36040.0,4.841,80.523,17.4,91.29669469978487,95.69072299367625,5.406,83.756
163,E05000188,South Acton,9206.0,34300.0,7.152,89.209,16.2,92.34182747260135,93.28313050494184,3.393,79.157
164,E05000189,Southall Broadway,9344.0,27930.0,8.198,118.614,23.8,89.63464543492819,92.9533447429124,-2.476,80.949
165,E05000190,Southall Green,9406.0,27150.0,10.386,95.42,23.6,90.09534261609163,93.97763906989506,0.598,79.972
166,E05000191,Southfield,9714.0,50170.0,3.04,82.081,9.0,92.8380584830043,96.20008906041264,4.931,83.002
167,E05000192,Walpole,9033.0,46240.0,3.587,77.67,10.2,92.69317329332333,96.35408852213054,-2.231,81.874
168,E05000193,Bowes,9733.0,36300.0,6.596,74.305,16.7,91.25329158067042,94.57689844139207,-10.95,84.198
169,E05000194,Bush Hill Park,5720.0,41800.0,3.859,69.512,20.4,89.78668390433097,95.38892480068951,0.552,82.968
170,E05000195,Chase,834.0,36350.0,6.388,65.441,22.4,90.66996076151722,94.23775614009593,15.417,79.492
171,E05000196,Cockfosters,1370.0,43570.0,3.915,51.004,19.0,89.65767333913548,95.28575572961996,11.396,84.608
172,E05000197,Edmonton Green,5952.0,26010.0,19.28,107.83,30.5,92.21126525154605,93.19739261240181,3.101,81.913
173,E05000198,Enfield Highway,3576.0,29450.0,9.905,78.844,30.1,92.21314032570038,94.11617894802521,1.243,82.99
174,E05000199,Enfield Lock,5167.0,30240.0,10.632,78.346,26.5,92.04566154593479,94.5108992652863,4.262,79.242
175,E05000200,Grange,4015.0,45960.0,3.395,70.893,16.1,89.84184436226298,95.93988512078056,-5.267,85.188
176,E05000201,Haselbury,9278.0,29600.0,10.526,83.393,27.2,91.48988501506487,93.72194552050667,0.194,82.295
177,E05000202,Highlands,2647.0,43540.0,3.026,46.77,18.7,89.72781793018608,95.44825465169922,0.706,84.918
178,E05000203,Jubilee,3782.0,30800.0,9.071,77.512,28.5,91.64054336468129,93.521421107628,9.84,80.653
179,E05000204,Lower Edmonton,7682.0,28110.0,11.132,67.487,28.5,92.32351339906842,93.58175548968605,2.572,81.117
180,E05000205,Palmers Green,8263.0,37970.0,5.451,88.795,20.6,90.99063448093919,94.5191927186387,-4.447,83.353
181,E05000206,Ponders End,4771.0,28560.0,13.046,81.058,26.9,91.71986721144025,94.05005107252298,6.875,80.44
182,E05000207,Southbury,5172.0,33260.0,7.877,92.223,24.6,91.79649800082724,94.85730042740936,4.399,82.958
183,E05000208,Southgate,5537.0,41520.0,4.194,64.065,16.1,91.0059499100595,95.33001245330013,-3.437,82.577
184,E05000209,Southgate Green,5539.0,42750.0,4.315,69.343,16.3,90.15014143758613,95.2709073765141,-3.413,83.0
185,E05000210,Town,6955.0,42300.0,3.907,52.023,17.4,90.36629545149604,95.94794042667382,-5.484,83.985
186,E05000211,Turkey Street,6435.0,28960.0,9.548,107.377,30.2,90.74911316686374,93.79564582318982,0.177,80.328
187,E05000212,Upper Edmonton,6778.0,28480.0,11.74,118.586,28.3,92.40244042822609,93.5535858178888,-1.231,77.458
188,E05000213,Winchmore Hill,4929.0,45880.0,3.8,64.744,15.4,90.8229500858017,96.00835633813325,-5.748,82.093
189,E05000214,Abbey Wood,5722.0,31540.0,8.721,96.774,25.3,91.17422312786552,93.70860927152319,7.887,79.097
190,E05000215,Blackheath Westcombe,6048.0,49160.0,3.269,92.398,12.1,91.82135922330097,95.58058252427185,-2.663,81.577
191,E05000216,Charlton,7050.0,37940.0,7.278,68.82,20.8,91.58846020159889,93.93812999652415,1.054,78.222
192,E05000217,Coldharbour and New Eltham,5180.0,38390.0,4.774,61.643,25.4,88.60052059408973,94.22753024039197,-3.932,81.254
193,E05000218,Eltham North,4789.0,43120.0,3.949,71.639,20.0,88.68120456905504,95.14338205926991,-0.891,83.901
194,E05000219,Eltham South,2717.0,37120.0,4.991,74.666,21.5,89.88916354357707,95.12000637907663,5.211,82.445
195,E05000220,Eltham West,4667.0,34250.0,6.066,73.002,30.8,89.14318684488893,92.70122127127608,-3.133,79.221
196,E05000221,Glyndon,10441.0,31690.0,10.088,68.075,21.4,91.85515381652083,94.28760112266798,1.035,77.023
197,E05000222,Greenwich West,6054.0,42270.0,5.188,100.971,12.8,94.082410600835,96.15175167907061,9.538,81.088
198,E05000223,Kidbrooke with Hornfair,5854.0,35740.0,6.868,79.756,23.7,90.3006993006993,93.69930069930071,-1.572,81.441
199,E05000224,Middle Park and Sutcliffe,4046.0,35340.0,8.099,84.518,25.5,89.01888189559422,93.63939281747501,-0.324,81.637
200,E05000225,Peninsula,4156.0,41840.0,4.244,115.27,15.0,93.00405665077218,95.31705928403672,3.526,81.363
201,E05000226,Plumstead,6854.0,32390.0,10.557,80.322,21.6,91.09106118546845,94.80162523900574,1.347,80.789
202,E05000227,Shooters Hill,3487.0,39030.0,5.723,58.743,19.4,89.89801235762674,95.16861460582149,7.373,82.727
203,E05000228,Thamesmead Moorings,4219.0,34450.0,9.281,74.446,18.7,93.42625443487076,95.3522554485555,2.116,77.084
204,E05000229,Woolwich Common,6904.0,30260.0,13.224,81.244,21.8,92.50814332247556,94.66826675810046,2.889,79.097
205,E05000230,Woolwich Riverside,6359.0,33540.0,10.42,85.884,19.9,93.22698744769873,94.60251046025104,-7.771,78.06
206,E05000231,Brownswood,15188.0,40070.0,5.855,127.683,14.1,93.03038499684429,94.2926697322153,-2.197,80.875
207,E05000232,Cazenove,19214.0,38130.0,9.649,59.907,23.5,93.21236559139786,95.27329749103941,-6.624,85.158
208,E05000233,Chatham,15056.0,32510.0,13.693,106.187,21.1,92.69951632406288,93.51571946795647,-1.239,80.305
209,E05000234,Clissold,17643.0,45450.0,5.316,105.543,14.3,92.67933180478218,94.24336717982312,-1.448,80.811
210,E05000235,Dalston,17000.0,38230.0,11.563,199.769,15.9,93.56284375636585,94.51347864466626,-1.919,80.269
211,E05000236,De Beauvoir,16000.0,39060.0,9.032,222.921,15.6,93.40321043758703,94.4806860661145,-0.278,78.468
212,E05000237,Hackney Central,16000.0,35260.0,10.823,105.251,18.4,92.83551163532037,93.16225693337584,-6.177,79.776
213,E05000238,Hackney Downs,13100.0,35700.0,11.216,103.668,19.3,92.50058045042954,93.17390294868818,-0.51,80.281
214,E05000239,Haggerston,12167.0,36080.0,10.376,66.45,16.1,93.90103567318758,93.93699654775605,-2.698,80.09
215,E05000240,Hoxton,19750.0,34970.0,9.105,109.305,17.7,93.96994859628312,93.96335837616977,-0.907,80.465
216,E05000241,King's Park,6306.0,31970.0,13.278,84.054,24.6,91.43088844836907,92.17877094972067,16.906,82.024
217,E05000242,Leabridge,12955.0,35110.0,11.337,102.096,18.5,91.9723627038963,93.31861243678324,-3.744,77.321
218,E05000243,Lordship,10333.0,39940.0,7.088,80.235,24.2,92.48371335504886,94.42182410423453,-0.73,81.18
219,E05000244,New River,13450.0,35590.0,7.906,65.04,29.0,92.14405226675166,93.7694207632858,-1.25,82.475
220,E05000245,Queensbridge,12727.0,36720.0,12.455,156.85,18.8,92.23116313094367,92.95537673738113,-2.179,80.926
221,E05000246,Springfield,12500.0,33570.0,10.557,73.791,31.7,92.07464857004362,93.61770883826142,-2.403,80.788
222,E05000247,Stoke Newington Central,18214.0,42400.0,8.135,117.086,14.2,92.86460425873845,94.18240257131379,-1.975,82.194
223,E05000248,Victoria,16813.0,37350.0,12.009,136.708,19.5,92.11699795933792,93.6285995011715,0.05,79.465
224,E05000249,Wick,7500.0,32890.0,11.778,116.272,22.8,91.76751320947673,93.07993863985001,11.686,77.838
225,E05000250,Addison,19083.0,43970.0,4.387,117.089,9.3,94.01805869074492,95.7718353880882,-9.95,82.469
226,E05000251,Askew,17563.0,38450.0,6.513,102.893,13.7,93.21327683615819,94.61864406779661,-5.637,82.1
227,E05000252,Avonmore and Brook Green,13722.0,43350.0,4.382,49.12,9.3,94.32711198428291,95.53863785199738,-9.691,82.207
228,E05000253,College Park and Old Oak,2897.0,30890.0,7.913,50.384,23.0,91.01907356948229,93.75476839237056,6.351,79.154
229,E05000254,Fulham Broadway,16000.0,42130.0,4.629,109.704,14.8,92.95198253910513,94.3252091669698,-4.457,79.379
230,E05000255,Fulham Reach,12778.0,42010.0,3.673,72.763,11.7,93.43711303732532,95.46258623739607,1.329,81.062
231,E05000256,Hammersmith Broadway,10955.0,39500.0,5.462,90.013,15.0,92.30059548771283,93.8438312505242,-7.686,78.926
232,E05000257,Munster,18250.0,50240.0,2.631,77.925,9.7,94.2838967648128,96.36495819701926,-5.923,82.791
233,E05000258,North End,20083.0,39510.0,4.664,74.154,11.2,93.91664509448616,95.53887306928985,-1.433,80.371
234,E05000259,Palace Riverside,5000.0,53330.0,1.652,75.589,9.9,91.86155285313376,96.29827609247627,13.468,84.393
235,E05000260,Parsons Green and Walham,11944.0,55720.0,2.739,101.726,9.5,93.93322852122445,96.62443355220567,4.062,83.083
236,E05000261,Ravenscourt Park,9000.0,45510.0,3.154,98.67,9.9,92.7862772369031,95.08576726935559,-4.199,79.506
237,E05000262,Sands End,9321.0,44170.0,4.102,61.914,12.8,93.85579937304075,95.52507836990596,1.629,82.444
238,E05000263,Shepherd's Bush Green,11318.0,36430.0,7.604,145.491,13.9,93.3388090349076,94.20123203285421,2.85,79.778
239,E05000264,Town,15929.0,47940.0,3.715,87.358,9.4,94.33086331577539,96.30390143737166,-7.713,84.282
240,E05000265,Wormholt and White City,14944.0,31860.0,9.719,94.595,21.5,91.59758010306969,93.44984688923743,1.935,82.647
241,E05000266,Alexandra,4596.0,51450.0,3.392,94.848,8.0,91.53030945315813,96.36286562102586,8.34,83.472
242,E05000267,Bounds Green,10036.0,34550.0,8.2,103.597,17.3,92.98360655737706,94.45537340619308,3.712,81.285
243,E05000268,Bruce Grove,16389.0,30340.0,14.651,102.016,22.5,92.29441414071671,93.57177380376994,-4.233,80.986
244,E05000269,Crouch End,8964.0,52070.0,3.109,84.139,6.4,93.07785397337636,96.99878983461073,-2.303,84.668
245,E05000270,Fortis Green,6400.0,49950.0,3.194,80.254,9.2,92.11242793081358,96.55669442664959,4.829,82.567
246,E05000271,Harringay,8563.0,37150.0,8.91,144.968,14.0,93.36949969861362,94.71066907775769,7.209,82.473
247,E05000272,Highgate,4740.0,53710.0,3.297,73.844,6.4,93.17400275103164,96.681568088033,5.085,85.11
248,E05000273,Hornsey,11727.0,40260.0,8.406,78.09,13.8,92.85883561102773,94.39134212813019,-3.432,82.662
249,E05000274,Muswell Hill,6412.0,53910.0,2.977,85.46,8.3,91.98813056379822,96.65244807121661,3.969,84.792
250,E05000275,Noel Park,11958.0,30620.0,11.622,176.489,20.8,92.10129851495803,92.538919578162,-3.379,81.139
251,E05000276,Northumberland Park,7763.0,25090.0,20.635,103.714,29.2,92.97941645297665,92.76457134936587,-0.446,80.139
252,E05000277,St Ann's,14000.0,32460.0,11.144,84.616,20.4,92.75174204126246,93.44855854624949,2.501,81.193
253,E05000278,Seven Sisters,12500.0,33500.0,10.149,85.364,24.4,93.19889779559118,94.43887775551102,3.554,82.083
254,E05000279,Stroud Green,10909.0,44780.0,5.507,91.231,10.1,92.80489879231162,95.41588705562171,-0.15,81.099
255,E05000280,Tottenham Green,10929.0,28920.0,12.227,130.373,22.7,92.6886145404664,92.56515775034293,-1.718,78.794
256,E05000281,Tottenham Hale,8553.0,27340.0,11.528,100.309,24.7,92.33935209771641,93.7068507700478,2.898,81.002
257,E05000282,West Green,9821.0,31110.0,11.716,85.097,23.9,92.7385581812743,92.98534250673049,9.344,82.661
258,E05000283,White Hart Lane,8059.0,27010.0,14.32,92.781,30.0,91.54195517831882,92.2120467575013,1.97,79.995
259,E05000284,Woodside,10000.0,32010.0,8.916,70.52,20.0,92.49000964585917,94.06090671076203,6.385,81.568
260,E05000285,Belmont,6444.0,42380.0,2.858,53.557,15.1,89.4119721414088,96.29727585294896,-15.219,85.4
261,E05000286,Canons,2339.0,39890.0,3.076,48.636,17.8,87.73153716622565,94.45112661374388,5.088,83.836
262,E05000287,Edgware,8571.0,33600.0,4.426,71.276,22.5,90.36299665322235,95.46897794559341,-9.207,84.517
263,E05000288,Greenhill,7618.0,37550.0,5.119,91.715,11.7,92.14975845410628,95.78099838969403,-9.034,81.744
264,E05000289,Harrow on the Hill,3528.0,39630.0,3.517,58.062,13.3,91.54034229828851,95.78647106764467,-5.286,83.479
265,E05000290,Harrow Weald,2533.0,36940.0,4.73,64.211,19.4,88.88888888888889,94.58509142053447,-3.703,82.692
266,E05000291,Hatch End,3303.0,42350.0,2.188,50.217,15.4,88.46909192929954,95.67941644066211,-14.161,84.466
267,E05000292,Headstone North,3136.0,44470.0,2.378,54.889,12.9,88.07094025562272,95.89814723075398,-0.536,86.39
268,E05000293,Headstone South,7667.0,39090.0,3.708,52.631,13.1,89.52851369555455,96.09339919173776,-6.228,83.783
269,E05000294,Kenton East,8846.0,32880.0,3.765,47.598,23.4,89.1362901777698,94.67588435984916,-8.258,84.092
270,E05000295,Kenton West,6389.0,38400.0,3.013,52.149,17.9,88.2395059518482,95.56967689966885,-11.477,83.848
271,E05000296,Marlborough,8000.0,34450.0,6.136,66.052,17.1,90.62729423280855,95.38298393017375,-10.623,83.193
272,E05000297,Pinner,3106.0,43950.0,2.812,53.318,14.7,89.46738479952124,95.68122880510673,-12.723,85.181
273,E05000298,Pinner South,4417.0,49420.0,1.943,36.599,11.4,89.57833061185285,96.97435404860244,-5.314,88.451
274,E05000299,Queensbury,7688.0,35030.0,3.157,49.673,20.8,90.40387182910547,95.22696929238985,-9.911,82.624
275,E05000300,Rayners Lane,7600.0,40310.0,2.98,49.888,13.7,89.29341963322545,96.19741100323624,-10.179,84.394
276,E05000301,Roxbourne,8733.0,32130.0,5.337,62.257,19.2,90.7623947614593,94.644527595884,-10.128,83.419
277,E05000302,Roxeth,7469.0,35110.0,4.911,82.763,17.3,90.12260996313127,95.87584669467547,-5.771,82.954
278,E05000303,Stanmore Park,2544.0,39210.0,2.997,57.572,19.7,88.1645738712263,93.63255855374477,-6.548,84.645
279,E05000304,Wealdstone,9708.0,32080.0,6.642,69.117,20.9,90.88116552571529,94.83061260312445,-22.257,80.889
280,E05000305,West Harrow,7067.0,40210.0,4.025,41.516,13.4,90.10893666248916,95.66181432565314,-7.257,84.444
281,E05000306,Brooklands,3786.0,35250.0,4.876,62.296,24.9,91.37527579059972,95.01236879053286,-4.519,79.101
282,E05000307,Cranham,1902.0,42250.0,2.601,37.098,22.2,88.56162196679438,95.1309067688378,5.198,85.616
283,E05000308,Elm Park,3392.0,34730.0,5.177,62.419,29.6,89.36306754371891,94.24835552703354,6.552,82.13
284,E05000309,Emerson Park,2609.0,43790.0,2.311,55.626,23.1,88.20238791016114,95.69174250647073,-11.583,81.468
285,E05000310,Gooshays,1917.0,29400.0,8.838,96.977,34.2,90.06942553770759,92.89409202286959,12.926,78.954
286,E05000311,Hacton,4960.0,39740.0,3.147,49.1,25.3,89.03930843255587,95.70216930353939,-5.062,82.713
287,E05000312,Harold Wood,1730.0,37010.0,4.761,60.971,25.8,88.43478260869566,94.40316205533597,1.819,81.576
288,E05000313,Havering Park,1327.0,33590.0,6.197,59.637,30.4,89.33076923076923,94.26923076923077,12.46,79.235
289,E05000314,Heaton,3779.0,29560.0,8.918,83.902,35.8,89.49085123309467,92.68894192521877,-0.07,78.912
290,E05000315,Hylands,4500.0,39890.0,3.155,69.519,23.7,88.42649783817171,95.8153180975911,-7.308,84.654
291,E05000316,Mawneys,4317.0,35820.0,4.685,57.536,29.6,89.53155245838173,94.78900503290747,-2.907,84.021
292,E05000317,Pettits,3238.0,40010.0,3.075,51.668,25.7,88.52180625241219,95.60015438054805,1.478,82.694
293,E05000318,Rainham and Wennington,754.0,34470.0,5.163,81.749,29.8,89.37670245153019,94.80852427495594,4.003,82.255
294,E05000319,Romford Town,5931.0,37160.0,5.054,109.744,21.0,90.60360530117455,95.12593430060926,-14.229,82.564
295,E05000320,St Andrew's,4982.0,38130.0,3.6,66.409,26.2,89.41052947352632,94.90775461226939,-9.97,82.071
296,E05000321,South Hornchurch,2199.0,33160.0,7.188,77.487,31.4,89.90696987595983,94.38127584170111,8.269,80.181
297,E05000322,Squirrel's Heath,5096.0,41740.0,3.851,58.234,20.0,90.12429892375322,95.9981809913597,-16.825,82.773
298,E05000323,Upminster,571.0,47580.0,1.575,52.535,19.0,88.0308579443622,95.93236187952934,2.544,82.495
299,E05000324,Barnhill,6595.0,31800.0,6.068,96.829,22.4,91.1443229979924,95.00334597367835,1.97,80.844
300,E05000325,Botwell,3546.0,30700.0,7.481,66.632,24.0,90.973792736464,94.33284555008647,1.334,78.103
301,E05000326,Brunel,4424.0,34630.0,3.236,65.022,17.6,91.0411097464056,95.56390434217181,-1.6,80.255
302,E05000327,Cavendish,6000.0,43970.0,2.33,37.972,17.2,89.14050437467833,96.17430090924687,-6.006,83.458
303,E05000328,Charville,4350.0,35410.0,3.964,65.8,21.6,90.71462525748693,95.73760101410235,6.396,81.4
304,E05000329,Eastcote and East Ruislip,3049.0,47380.0,2.043,51.296,13.6,88.56036896722121,96.80448031625761,5.353,86.187
305,E05000330,Harefield,500.0,37990.0,2.887,54.355,23.8,89.2282740910934,94.39113393701851,7.076,80.053
306,E05000331,Heathrow Villages,547.0,33170.0,3.793,51.999,19.2,92.57316173456842,95.85211902614968,-3.366,80.958
307,E05000332,Hillingdon East,3722.0,37250.0,4.317,69.315,19.3,90.70974740430808,95.80815124748179,6.002,80.931
308,E05000333,Ickenham,1726.0,48770.0,1.47,40.868,14.6,88.26417637431405,96.82295176663138,6.511,85.05
309,E05000334,Manor,5875.0,43460.0,2.006,55.821,17.0,90.42125502534522,96.53032686593252,-5.64,83.402
310,E05000335,Northwood,1453.0,46550.0,2.441,50.501,13.3,89.49278823192282,95.34817078995128,7.052,83.793
311,E05000336,Northwood Hills,3606.0,43320.0,2.648,48.562,16.6,89.2986698911729,95.72465019865261,3.737,83.778
312,E05000337,Pinkwell,5704.0,31830.0,6.18,78.805,22.0,91.01374686801653,95.53057493058847,-2.947,82.417
313,E05000338,South Ruislip,1723.0,40060.0,3.474,49.287,18.3,91.13555483662246,96.18246522161112,10.198,81.541
314,E05000339,Townfield,4171.0,30430.0,7.712,121.272,24.7,90.50049624273359,94.17978165319722,2.078,79.603
315,E05000340,Uxbridge North,2772.0,41470.0,2.829,76.205,16.8,89.64973439575033,95.88313413014609,0.842,82.756
316,E05000341,Uxbridge South,4758.0,34270.0,3.848,48.402,14.1,92.36712211173904,95.958223048859,-5.994,80.91
317,E05000342,West Drayton,4257.0,32680.0,5.215,92.303,24.3,90.84899095337508,94.80862908837857,-9.37,79.094
318,E05000343,West Ruislip,2546.0,43470.0,1.874,71.807,16.3,89.99151823579304,95.91932899820941,3.647,81.95
319,E05000344,Yeading,6087.0,33240.0,5.857,100.365,19.8,91.35875165611658,95.39967613720006,2.091,81.439
320,E05000345,Yiewsley,3363.0,32340.0,5.062,79.354,23.7,91.47854226057478,94.8301101779798,-2.894,81.276
321,E05000346,Bedfont,2966.0,31870.0,5.469,56.027,24.0,91.09518935516888,94.86654594126446,5.792,79.55
322,E05000347,Brentford,4828.0,35040.0,3.996,63.469,17.2,92.56601407371281,94.9766599317216,6.04,82.57
323,E05000348,Chiswick Homefields,5087.0,51830.0,2.163,78.423,9.3,92.31447206063811,96.89758505200071,10.401,82.967
324,E05000349,Chiswick Riverside,5643.0,49680.0,2.663,96.52,9.2,91.77856709694187,96.46539027982327,3.721,84.716
325,E05000350,Cranford,4722.0,30860.0,6.038,72.868,20.2,90.85969180859692,94.42822384428223,-2.096,81.501
326,E05000351,Feltham North,3515.0,32850.0,4.492,54.355,26.1,90.66851163192943,94.17971114762605,5.201,77.26
327,E05000352,Feltham West,4969.0,34010.0,4.388,83.47,20.5,92.01467087060034,96.26150183385882,2.525,82.388
328,E05000353,Hanworth,3788.0,31150.0,6.479,86.826,26.4,90.9173179761415,94.56190867955574,7.474,82.103
329,E05000354,Hanworth Park,3347.0,34340.0,3.757,64.26,23.4,90.55925666199158,95.20511921458625,6.718,81.343
330,E05000355,Heston Central,7500.0,33580.0,4.568,73.86,17.3,89.794921875,94.41731770833334,0.404,80.687
331,E05000356,Heston East,6400.0,34030.0,4.403,64.338,16.1,89.75566198555077,95.21876775712315,6.136,83.353
332,E05000357,Heston West,3382.0,29490.0,6.96,83.393,21.8,90.05467116899824,94.16304872165942,4.007,81.615
333,E05000358,Hounslow Central,9441.0,35830.0,3.891,155.52,12.8,92.43193354868482,96.2423363438592,1.511,82.979
334,E05000359,Hounslow Heath,5446.0,32530.0,5.624,80.791,15.7,91.79737896380797,95.21966456168941,3.599,83.158
335,E05000360,Hounslow South,6556.0,39920.0,2.959,62.649,15.7,90.46283309957924,96.19565217391305,-4.844,85.398
336,E05000361,Hounslow West,8438.0,31890.0,4.644,97.654,16.3,90.56723021014378,94.43829988939801,-4.799,78.896
337,E05000362,Isleworth,6125.0,34790.0,4.518,70.911,19.9,91.70075978959673,94.44769140853302,1.42,81.079
338,E05000363,Osterley and Spring Grove,2135.0,42140.0,2.924,50.224,10.8,90.29237970992249,96.40856419307805,8.847,83.094
339,E05000364,Syon,4862.0,37040.0,4.104,67.971,16.4,91.53017559392062,95.42570458905121,6.584,78.047
340,E05000365,Turnham Green,6583.0,47080.0,2.651,58.052,9.9,92.44409503843465,96.06044723969252,-1.573,83.861
341,E05000366,Barnsbury,15938.0,44970.0,4.783,128.004,16.3,92.57437914925006,93.9922957134661,-7.66,79.034
342,E05000367,Bunhill,14455.0,39200.0,6.309,40.781,15.8,93.20308764259853,94.72641573877996,-12.766,81.086
343,E05000368,Caledonian,13227.0,35840.0,6.05,80.449,21.0,91.57311456534254,92.65975820379965,-9.703,80.433
344,E05000369,Canonbury,15438.0,40590.0,6.466,116.298,19.2,91.86547382372432,93.21570576540755,1.669,82.574
345,E05000370,Clerkenwell,13444.0,43350.0,5.101,51.766,15.1,92.55004351610096,93.9686684073107,-13.689,83.882
346,E05000371,Finsbury Park,16556.0,33620.0,9.342,153.523,20.6,92.73575706922969,92.19250592004458,-1.433,78.031
347,E05000372,Highbury East,11950.0,47810.0,4.447,120.538,13.4,91.88585181364964,94.8598934158501,1.793,82.268
348,E05000373,Highbury West,14364.0,43800.0,5.856,70.642,12.6,92.81437125748504,95.16966067864271,0.662,80.684
349,E05000374,Hillrise,15125.0,39090.0,7.361,92.311,17.9,90.6053925724945,92.65728336442258,3.397,80.115
350,E05000375,Holloway,15750.0,35430.0,6.546,99.688,18.8,92.33798304745378,93.332443435894,0.985,80.18
351,E05000376,Junction,12600.0,39470.0,6.584,90.655,16.8,91.3014553014553,93.22245322245323,3.574,78.397
352,E05000377,Mildmay,16625.0,39300.0,6.824,124.658,17.4,92.00278702485097,93.43500812882249,-6.695,81.052
353,E05000378,St George's,16063.0,40860.0,7.042,97.989,16.5,91.50806451612902,93.66129032258065,0.286,81.414
354,E05000379,St Mary's,13500.0,46190.0,5.209,158.076,15.5,92.35696355924868,93.74188522461698,3.031,80.838
355,E05000380,St Peter's,15688.0,43870.0,5.519,113.145,17.3,91.62578243951954,93.5290137032651,-3.472,78.363
356,E05000381,Tollington,17063.0,38090.0,7.607,107.789,17.3,91.93899782135077,92.7879197656074,4.078,81.447
357,E05000382,Abingdon,16917.0,54690.0,2.824,71.634,6.3,93.91790672126236,96.49455707580145,2.804,85.696
358,E05000383,Brompton,8700.0,64320.0,1.55,59.87,6.6,94.66002941509221,97.23950673153071,3.8,86.012
359,E05000384,Campden,8944.0,65500.0,1.313,82.984,4.5,94.06945463438493,97.40767913915383,7.949,88.052
360,E05000385,Colville,20625.0,43560.0,6.125,177.268,13.1,92.2764712904381,93.4702160678047,6.104,82.828
361,E05000386,Courtfield,17700.0,61810.0,2.701,111.651,3.8,95.02966528601814,97.54841598567111,4.934,88.515
362,E05000387,Cremorne,13250.0,43920.0,4.79,81.199,15.4,91.29834254143645,92.84279256654948,8.318,84.705
363,E05000388,Earl's Court,18100.0,44100.0,4.966,120.807,8.4,93.45342706502636,94.79349736379613,-1.541,82.161
364,E05000389,Golborne,10111.0,30100.0,11.892,102.594,22.5,90.51135727872888,90.92536645406736,12.568,80.168
365,E05000390,Hans Town,14417.0,58100.0,2.194,125.563,9.2,93.56232939035488,96.34895359417652,4.512,86.553
366,E05000391,Holland,9600.0,54770.0,2.821,75.04,7.0,93.42684550015358,96.54960581550118,9.011,89.782
367,E05000392,Norland,12214.0,53430.0,4.985,78.713,14.2,91.36599423631124,94.5821325648415,7.295,84.655
368,E05000393,Notting Barns,15750.0,36690.0,8.948,90.888,19.4,90.75180874488834,92.08346440180351,5.693,81.383
369,E05000394,Pembridge,15100.0,55710.0,2.783,172.491,6.2,93.64146755451104,96.879488183836,-0.046,84.224
370,E05000395,Queen's Gate,16167.0,63630.0,1.59,54.809,3.8,94.91215598659491,98.20249822280897,4.33,88.542
371,E05000396,Redcliffe,13000.0,54550.0,2.776,103.537,5.2,94.44023796646836,97.25256895619253,8.871,86.598
372,E05000397,Royal Hospital,7944.0,60600.0,1.912,94.59,9.0,92.98124655267512,96.74572531715388,14.914,82.888
373,E05000398,St Charles,13286.0,36100.0,8.892,102.369,21.5,90.66680937600341,92.31510221556245,9.225,78.327
374,E05000399,Stanley,11571.0,54990.0,2.122,51.105,7.3,94.35690729204836,96.37229754488824,1.504,83.532
375,E05000400,Alexandra,3537.0,41390.0,2.12,43.857,15.8,90.20116807268008,96.71209171533636,-5.784,85.203
376,E05000401,Berrylands,6467.0,42330.0,2.323,36.204,11.9,92.17971813076188,95.85673413160963,-2.982,81.176
377,E05000402,Beverley,5447.0,40700.0,2.863,67.801,15.2,91.27510139479672,95.57819764566227,1.838,81.306
378,E05000403,Canbury,10792.0,45600.0,1.791,48.677,9.0,94.27786308898408,97.1874242301786,-4.964,83.42
379,E05000404,Chessington North and Hook,4711.0,37230.0,2.609,49.557,21.9,89.25752202265187,95.50394691682874,-1.867,83.663
380,E05000405,Chessington South,1375.0,38310.0,2.118,47.127,19.1,90.47107114933542,96.37412040656763,15.702,83.529
381,E05000406,Coombe Hill,2421.0,45650.0,2.38,40.691,10.7,92.33368736120498,96.71719609925654,3.866,83.973
382,E05000407,Coombe Vale,6250.0,44320.0,1.964,30.059,11.7,90.8,96.8,-5.089,84.623
383,E05000408,Grove,6105.0,41410.0,2.074,118.362,8.5,94.26745778183478,96.57690552259243,0.143,83.06
384,E05000409,Norbiton,8077.0,34650.0,4.794,62.237,17.7,92.79707133669733,95.41901652320173,3.458,78.801
385,E05000410,Old Malden,5361.0,41760.0,2.101,40.236,15.7,89.56632382568127,96.6493478952391,-0.516,85.544
386,E05000411,St James,4182.0,41850.0,2.408,38.703,15.9,89.04002675883599,95.80778236146728,-1.74,81.866
387,E05000412,St Mark's,7786.0,44930.0,2.872,72.59,6.7,94.44815415434513,97.43394066583994,-0.771,82.956
388,E05000413,Surbiton Hill,6353.0,43160.0,1.749,36.174,10.7,92.48494119896739,96.5101826178411,-10.377,81.107
389,E05000414,Tolworth and Hook Rise,3962.0,37840.0,2.563,46.413,18.4,91.06071392250584,96.25750025424591,-10.658,83.5
390,E05000415,Tudor,6125.0,48530.0,1.925,36.191,10.1,90.82271873042389,97.21236166214241,2.078,85.88
391,E05000416,Bishop's,7067.0,40360.0,6.638,58.184,14.5,93.35400516795865,95.55555555555556,-2.823,80.929
392,E05000417,Brixton Hill,14864.0,39050.0,7.747,116.735,13.8,93.92753440222195,95.51193031182932,1.667,78.753
393,E05000418,Clapham Common,10192.0,49520.0,3.756,128.762,8.3,94.51447245564893,96.61531279178338,-2.359,80.716
394,E05000419,Clapham Town,13046.0,44960.0,5.013,202.734,10.9,94.3820224719101,95.80282711127221,-2.096,77.437
395,E05000420,Coldharbour,14333.0,32220.0,14.766,189.595,17.6,93.03503336510963,94.256434699714,-6.485,80.849
396,E05000421,Ferndale,17556.0,39480.0,6.647,208.565,13.3,94.31213411389037,95.30335284725918,-2.725,80.607
397,E05000422,Gipsy Hill,8625.0,36650.0,7.763,103.972,18.4,92.27683780630105,94.54492415402567,4.511,80.273
398,E05000423,Herne Hill,7700.0,41700.0,8.151,84.256,12.2,92.7914211954723,95.60468656914013,-2.687,81.381
399,E05000424,Knight's Hill,9967.0,36950.0,8.704,101.003,15.9,92.73182957393483,94.85876854297906,-3.548,78.586
400,E05000425,Larkhall,16182.0,37260.0,7.122,145.035,13.9,94.13095169054108,95.4764252160297,2.372,77.983
401,E05000426,Oval,12269.0,39200.0,5.966,126.954,13.0,94.04210247583742,95.51171719846418,-0.931,80.225
402,E05000427,Prince's,12458.0,37600.0,8.868,106.804,16.3,92.51858084420137,94.46080493619408,-9.26,81.068
403,E05000428,St Leonard's,10643.0,39880.0,7.191,133.529,12.6,93.5257731958763,95.94501718213058,-1.017,82.755
404,E05000429,Stockwell,16778.0,35050.0,8.886,117.053,16.2,93.07031197130677,95.269675847601,2.807,80.438
405,E05000430,Streatham Hill,11308.0,39250.0,6.228,118.165,13.5,93.14309752506486,95.29551987660379,-3.197,79.18
406,E05000431,Streatham South,8559.0,36710.0,7.369,87.434,17.0,91.59458705357143,95.29854910714286,2.047,82.814
407,E05000432,Streatham Wells,10067.0,38270.0,5.786,90.189,13.9,93.39192271568496,95.8875620555481,-3.887,79.449
408,E05000433,Thornton,12046.0,41880.0,5.743,83.462,14.2,93.54941721219862,95.4414817180265,-3.404,84.439
409,E05000434,Thurlow Park,9133.0,41600.0,5.698,104.763,12.7,92.42724140458911,95.7334506267869,-6.029,82.272
410,E05000435,Tulse Hill,16000.0,35610.0,10.643,122.77,14.7,92.87299473717583,94.88935387736986,-0.173,81.121
411,E05000436,Vassall,13591.0,34830.0,11.145,121.472,16.0,92.44149048999505,94.08894859647883,-4.312,81.892
412,E05000437,Bellingham,4855.0,31340.0,9.073,97.58,25.4,90.4906937394247,93.15736040609137,5.789,79.71
413,E05000438,Blackheath,6304.0,44870.0,4.62,90.619,13.2,92.6348030486502,95.30593347104495,2.126,81.459
414,E05000439,Brockley,10559.0,38100.0,8.321,118.936,11.8,93.90883655863837,95.97225460480298,-6.264,79.652
415,E05000440,Catford South,8158.0,39070.0,6.473,60.388,17.3,90.62705402918365,95.35296437491783,-13.517,81.118
416,E05000441,Crofton Park,8882.0,42560.0,6.12,74.402,15.3,91.2432215304278,95.42076722233381,-7.685,83.315
417,E05000442,Downham,6146.0,30880.0,9.91,102.922,30.2,90.22447998901627,93.18322235189126,5.988,82.266
418,E05000443,Evelyn,9778.0,30560.0,9.701,94.776,19.1,93.14581702102029,94.86237426971029,-5.149,79.307
419,E05000444,Forest Hill,8389.0,40960.0,7.459,106.441,13.9,92.49360441631885,95.50962703648848,-3.917,80.372
420,E05000445,Grove Park,6208.0,36150.0,6.933,72.831,22.5,90.37411250682688,94.43610049153467,-6.255,80.6
421,E05000446,Ladywell,9281.0,40290.0,5.869,85.676,12.8,91.65690664829486,95.20496038580778,0.297,81.062
422,E05000447,Lee Green,8222.0,42760.0,5.977,81.692,14.6,91.65580182529335,95.28580251149386,-3.576,82.429
423,E05000448,Lewisham Central,8976.0,35760.0,8.035,123.979,16.1,93.0127249799381,94.80683251175054,-0.523,78.056
424,E05000449,New Cross,9306.0,31520.0,9.678,134.666,17.9,92.63137852246763,94.8146737750698,-7.339,75.984
425,E05000450,Perry Vale,9324.0,39130.0,7.042,85.722,16.2,91.65065949545397,95.38353182225637,-14.527,82.284
426,E05000451,Rushey Green,8778.0,34670.0,9.026,113.265,18.0,91.57951193349425,94.04666130329848,2.271,81.303
427,E05000452,Sydenham,9353.0,37060.0,8.008,92.348,18.7,91.86158282601731,94.52098686318487,-0.171,78.595
428,E05000453,Telegraph Hill,11233.0,37230.0,8.485,82.424,14.4,92.45156573656634,95.19312781771659,-11.718,81.519
429,E05000454,Whitefoot,6659.0,32840.0,8.767,98.888,25.9,90.59583128640605,93.83114604533651,1.294,83.04
430,E05000455,Abbey,7607.0,45370.0,1.892,61.954,10.1,93.59682262908069,96.5707643126998,-0.813,81.478
431,E05000456,Cannon Hill,4341.0,42320.0,2.913,55.713,17.0,89.06908855011353,96.1833711752622,6.712,85.264
432,E05000457,Colliers Wood,10182.0,38780.0,3.37,105.604,13.3,93.17587752053772,95.83644510828977,1.212,82.047
433,E05000458,Cricket Green,3933.0,29930.0,10.082,56.717,24.5,91.65940386961827,94.72720934286212,8.603,80.215
434,E05000459,Dundonald,8000.0,49910.0,1.146,67.796,7.8,93.98382749326146,97.68194070080862,-2.174,85.13
435,E05000460,Figge's Marsh,10546.0,30860.0,9.028,105.532,21.0,91.62811387900356,94.94661921708185,2.282,79.847
436,E05000461,Graveney,11222.0,35580.0,6.541,75.139,15.8,91.54441727791361,96.2000814995925,-2.426,83.421
437,E05000462,Hillside,7708.0,51480.0,1.25,35.648,6.4,93.49448590843265,97.460176005347,-8.561,85.474
438,E05000463,Lavender Fields,8875.0,33360.0,5.633,76.596,18.1,92.32940718388008,95.58064830137253,-1.139,81.739
439,E05000464,Longthornton,6967.0,34350.0,5.732,82.586,19.1,91.04150039904229,95.3611332801277,2.579,81.31
440,E05000465,Lower Morden,5194.0,38730.0,3.1,41.095,20.9,90.1980198019802,96.38063806380637,2.786,82.587
441,E05000466,Merton Park,5444.0,46300.0,2.459,57.97,11.5,91.27042698998419,97.1006852925672,0.988,85.144
442,E05000467,Pollards Hill,4864.0,31940.0,8.049,88.362,21.7,90.62894915913289,95.78108292019053,9.589,81.999
443,E05000468,Ravensbury,5694.0,32330.0,6.568,70.526,23.7,90.90088282504013,94.55256821829856,10.439,79.14
444,E05000469,Raynes Park,5263.0,49340.0,1.746,55.432,9.7,91.6718011912097,96.61121380160196,0.878,80.417
445,E05000470,St Helier,5944.0,32530.0,6.066,60.291,23.7,90.06145573266757,94.5458037257538,8.01,80.35
446,E05000471,Trinity,9136.0,47380.0,2.643,87.569,9.2,94.02939375382732,96.78505817513778,5.266,81.604
447,E05000472,Village,1411.0,62200.0,0.895,48.75,6.8,91.73242256506889,97.33835826168885,9.944,85.426
448,E05000473,West Barnes,5075.0,44170.0,2.5,64.093,13.9,91.24923950517136,96.91746096126546,-0.205,83.035
449,E05000474,Wimbledon Park,5022.0,50730.0,1.889,53.715,7.8,93.01598642493525,97.37429668661248,1.187,84.727
450,E05000475,Beckton,2540.0,34100.0,6.068,82.56,19.2,92.34528762961496,94.5512185456707,-1.253,80.904
451,E05000476,Boleyn,18056.0,31630.0,9.275,94.516,22.4,91.90339131522963,94.20598172944563,-4.139,82.947
452,E05000477,Canning Town North,6300.0,28910.0,14.247,90.77,25.7,92.07292370020257,93.24105334233626,-1.364,79.64
453,E05000478,Canning Town South,10167.0,32870.0,8.655,98.379,22.6,93.12953238309576,94.23605901475369,-9.424,79.112
454,E05000479,Custom House,6738.0,31840.0,8.996,148.905,25.3,92.56580419058982,93.91544254716277,3.458,76.822
455,E05000480,East Ham Central,16200.0,32380.0,8.344,111.807,19.3,91.68813218571339,94.62210215492868,-4.979,81.728
456,E05000481,East Ham North,15722.0,32340.0,9.091,71.043,19.9,90.11250540891389,93.79056685417568,-1.13,78.575
457,E05000482,East Ham South,8861.0,31430.0,9.632,82.789,24.3,91.68539325842696,94.18940609951846,1.902,79.963
458,E05000483,Forest Gate North,13750.0,34270.0,8.672,94.882,17.8,91.99729347358061,94.3285969120994,-2.058,80.557
459,E05000484,Forest Gate South,14875.0,34550.0,9.767,103.066,17.6,91.8845755097339,94.41884575509734,-9.311,77.778
460,E05000485,Green Street East,23071.0,31570.0,9.379,75.782,20.3,91.67768334907144,94.94491658797608,-6.632,82.454
461,E05000486,Green Street West,19188.0,31080.0,9.743,77.297,21.6,90.70336796135777,94.02501157943493,-9.868,81.733
462,E05000487,Little Ilford,8921.0,29730.0,11.78,85.118,23.2,92.17218781939518,94.06000120242891,10.95,78.808
463,E05000488,Manor Park,11923.0,31580.0,10.746,79.609,20.7,91.32393262828046,93.79161770466118,-0.026,78.882
464,E05000489,Plaistow North,15700.0,30740.0,11.031,84.134,23.6,91.57724628312863,93.81383322559793,-6.086,81.569
465,E05000490,Plaistow South,11893.0,31750.0,10.546,87.042,21.8,92.6237503048037,94.8671055840039,-3.097,80.79
466,E05000491,Royal Docks,2844.0,38580.0,5.541,69.407,14.1,94.88716171926211,96.23560258451165,-2.683,81.884
467,E05000492,Stratford and New Town,5333.0,35840.0,6.96,197.991,13.9,93.08307068887889,95.27802791535345,6.76,80.361
468,E05000493,Wall End,10750.0,32330.0,8.056,66.405,19.6,91.37814899636265,94.86056850330056,-1.135,81.048
469,E05000494,West Ham,12269.0,32310.0,10.383,81.291,20.9,91.92334898077294,94.36692174136712,6.058,81.019
470,E05000495,Aldborough,1797.0,37310.0,5.088,83.893,19.6,90.83470847084708,94.93261826182618,6.831,80.177
471,E05000496,Barkingside,8767.0,39620.0,4.011,72.511,17.2,88.92061226108335,95.05908478071218,-6.571,86.108
472,E05000497,Bridge,4596.0,39320.0,4.309,77.185,19.9,90.10121804769257,95.25647623949219,3.257,84.107
473,E05000498,Chadwell,9900.0,36700.0,6.221,87.282,18.5,91.02896822613454,95.90376657080732,-13.724,80.399
474,E05000499,Church End,7967.0,45410.0,3.497,84.426,12.3,90.6477943730462,96.37895102466135,-8.172,83.004
475,E05000500,Clayhall,5480.0,41450.0,3.702,54.119,17.0,88.7848349822521,94.9626161166075,4.709,84.364
476,E05000501,Clementswood,12423.0,30230.0,9.328,119.589,18.6,91.02686485749352,94.84522023728351,-14.459,81.311
477,E05000502,Cranbrook,5563.0,38290.0,4.87,84.447,17.6,88.60719874804381,94.93740219092331,6.7,81.122
478,E05000503,Fairlop,3611.0,37560.0,5.16,80.858,21.2,90.10292953285828,94.77434679334917,8.139,82.064
479,E05000504,Fullwell,6046.0,35690.0,5.68,77.201,23.4,89.80635166537569,94.57784663051898,4.108,84.49
480,E05000505,Goodmayes,8438.0,33820.0,8.045,81.464,18.1,90.58076363914607,94.89631953477695,-10.347,81.142
481,E05000506,Hainault,2411.0,31520.0,7.997,61.88,28.9,88.86744383540493,92.44962556936616,9.4,80.043
482,E05000507,Loxford,13423.0,28500.0,10.761,97.028,20.1,92.31141199226306,94.37862669245648,-0.516,78.842
483,E05000508,Mayfield,7395.0,35630.0,6.854,77.346,20.5,89.32124049151551,95.01901696898771,-1.868,82.372
484,E05000509,Monkhams,3452.0,48780.0,1.948,52.334,15.0,89.37823834196891,96.23872577240454,1.768,83.134
485,E05000510,Newbury,8310.0,35550.0,6.104,64.37,17.4,90.5489260143198,95.58472553699285,-4.845,84.09
486,E05000511,Roding,5435.0,41040.0,4.811,74.319,15.9,91.19063434075058,96.3384257721687,5.396,83.349
487,E05000512,Seven Kings,7810.0,34480.0,7.465,86.94,18.4,90.63571616987602,94.86942759166446,-0.02,81.618
488,E05000513,Snaresbrook,6100.0,45160.0,3.061,73.663,14.9,90.53518752633796,95.15381373788453,-2.877,82.703
489,E05000514,Valentines,9900.0,34900.0,8.664,109.839,16.6,90.59689867591871,95.13559442044891,-6.484,81.113
490,E05000515,Wanstead,2279.0,46370.0,2.988,111.906,15.2,89.60408905830374,95.99757428744694,12.171,83.035
491,E05000516,Barnes,3500.0,55450.0,2.177,69.372,9.1,90.78551315661714,96.8540635013108,11.149,85.258
492,E05000517,East Sheen,1810.0,56090.0,1.442,57.566,6.6,91.67955160417472,97.90297642056436,14.803,86.385
493,E05000518,Fulwell and Hampton Hill,5421.0,48810.0,2.035,47.247,10.8,91.32366005330175,96.80189517323068,-1.0,82.379
494,E05000519,Ham Petersham and Richmond River,1122.0,44870.0,3.365,55.808,14.1,90.72404768828147,95.58011049723757,17.507,82.821
495,E05000520,Hampton,1478.0,46750.0,1.82,55.76,12.5,90.0350525788683,96.05408112168251,16.099,82.675
496,E05000521,Hampton North,5053.0,39440.0,2.846,66.109,17.6,89.33631618195376,95.21678917652072,2.139,82.622
497,E05000522,Hampton Wick,3889.0,46760.0,1.555,61.63,10.0,92.34908521671069,96.83005576753743,7.459,84.445
498,E05000523,Heathfield,5553.0,36950.0,3.498,62.954,20.4,89.61504896732279,95.28750121206244,1.692,82.707
499,E05000524,Kew,3236.0,52130.0,1.541,63.915,7.5,91.85029730675062,97.55159146554739,10.154,86.903
500,E05000525,Mortlake and Barnes Common,5816.0,50100.0,2.277,78.469,9.8,92.92975547211283,96.72131147540983,5.384,84.671
501,E05000526,North Richmond,3911.0,50860.0,2.043,67.055,10.2,92.2997464550662,96.71330641374777,6.629,85.894
502,E05000527,St Margarets and North Twickenha,5775.0,52870.0,1.49,60.954,6.6,92.54385964912281,97.9233798782671,2.621,85.445
503,E05000528,South Richmond,4093.0,52690.0,1.92,80.281,7.1,92.80036968576711,97.36598890942699,5.916,84.03
504,E05000529,South Twickenham,5971.0,51380.0,1.337,48.727,6.4,92.0496645639331,97.82717532792631,0.119,85.582
505,E05000530,Teddington,2454.0,50600.0,1.713,40.607,7.7,91.7134559535334,97.09583736689254,7.883,83.267
506,E05000531,Twickenham Riverside,5325.0,51350.0,1.349,66.134,6.2,93.16083108888034,97.49903809157368,4.114,82.93
507,E05000532,West Twickenham,4280.0,45040.0,1.876,62.345,13.4,91.8218085106383,96.47606382978722,8.123,83.567
508,E05000533,Whitton,6250.0,42230.0,2.647,58.829,17.0,90.26866283839212,95.93929450369156,-2.783,82.624
509,E05000534,Brunswick Park,14833.0,36310.0,10.263,96.843,15.2,93.2594504326704,95.22544405647487,-10.181,80.188
510,E05000535,Camberwell Green,15450.0,31840.0,11.669,118.015,19.3,92.58914316125598,94.29882916444917,-6.965,77.443
511,E05000536,Cathedrals,9028.0,40430.0,7.124,46.275,12.7,93.01251589585704,95.07395756642795,-13.039,79.89
512,E05000537,Chaucer,19750.0,37780.0,6.381,92.866,11.3,94.1691922519436,96.13914876795361,-12.067,82.139
513,E05000538,College,3688.0,42600.0,6.165,107.12,13.6,91.54249915340333,95.58923129021333,2.207,83.389
514,E05000539,East Dulwich,12250.0,48670.0,4.615,93.26,12.3,92.97134972810649,95.72274977680382,-10.051,82.289
515,E05000540,East Walworth,11546.0,31010.0,7.518,208.207,20.8,92.5672752444406,93.95171757376481,-2.237,80.413
516,E05000541,Faraday,14333.0,30760.0,10.59,112.254,21.8,92.64740244567335,94.75815873510398,0.236,81.559
517,E05000542,Grange,13750.0,38500.0,7.638,90.381,15.7,94.03072516599401,95.35867725556568,-14.995,78.633
518,E05000543,Livesey,10357.0,28880.0,12.893,100.887,23.8,92.36322457357208,94.16802321466487,-12.231,81.814
519,E05000544,Newington,18563.0,34190.0,7.739,125.713,19.4,92.42359932088286,94.07894736842105,-7.279,81.071
520,E05000545,Nunhead,10539.0,33540.0,11.589,98.117,21.1,91.90161527165932,92.99559471365639,-8.725,77.658
521,E05000546,Peckham,16667.0,30030.0,14.337,114.168,19.6,92.59510869565217,94.74864130434783,-8.738,78.478
522,E05000547,Peckham Rye,5848.0,42820.0,5.845,93.606,13.8,92.08462790353603,95.70202692706022,5.341,81.919
523,E05000548,Riverside,11923.0,43110.0,4.945,54.138,13.5,94.23210562890897,95.68450312717165,-8.314,81.721
524,E05000549,Rotherhithe,9600.0,36970.0,6.018,144.135,17.5,92.89092628974751,95.23393727715928,4.794,80.294
525,E05000550,South Bermondsey,14050.0,31150.0,8.718,118.312,21.9,92.22786647314949,94.76052249637156,-9.502,81.508
526,E05000551,South Camberwell,9885.0,41130.0,6.821,86.511,12.4,92.82603531554359,96.11212289175707,-12.359,83.826
527,E05000552,Surrey Docks,7605.0,45410.0,3.536,103.719,11.8,93.97097134350577,96.23371790100484,-4.829,80.447
528,E05000553,The Lane,11357.0,37940.0,9.769,149.795,17.5,92.40603919049148,94.43623514294892,-5.578,81.069
529,E05000554,Village,4446.0,58400.0,2.839,88.262,9.4,91.77552007740687,97.02467343976778,0.689,84.827
530,E05000555,Beddington North,2110.0,39290.0,3.589,51.934,19.8,90.29973809292851,95.90648947521584,9.595,83.263
531,E05000556,Beddington South,3548.0,35600.0,6.104,82.249,21.0,88.36598856285741,94.80641229961564,2.393,82.333
532,E05000557,Belmont,4500.0,44260.0,2.774,32.29,13.7,90.98328025477707,96.70581210191082,-12.328,83.168
533,E05000558,Carshalton Central,5200.0,42200.0,3.156,62.929,15.4,90.12849885446758,96.86223727462895,-1.371,83.53
534,E05000559,Carshalton South and Clockhouse,1423.0,44270.0,2.884,48.096,15.5,89.8816263510036,96.57231085949563,7.091,82.991
535,E05000560,Cheam,2705.0,46220.0,1.888,38.882,14.6,89.56733106465727,96.32474477394264,-4.077,82.855
536,E05000561,Nonsuch,5737.0,42640.0,1.811,54.614,18.6,89.94455408326286,96.6262569307396,-1.652,86.17
537,E05000562,St Helier,8200.0,31040.0,7.587,63.807,27.3,90.74399531341535,94.75269897062516,0.942,80.785
538,E05000563,Stonecot,5500.0,39210.0,2.808,53.42,20.5,89.46975354742345,96.60194174757282,-2.08,81.416
539,E05000564,Sutton Central,8769.0,35660.0,5.54,97.719,18.6,91.75839170381151,94.61475484399163,-11.695,81.317
540,E05000565,Sutton North,5605.0,38060.0,3.459,64.452,21.6,90.65185900531144,95.37421535490101,-7.068,82.939
541,E05000566,Sutton South,7654.0,40460.0,3.714,46.865,15.7,91.62412751328264,95.17658089384311,-18.48,80.539
542,E05000567,Sutton West,6056.0,41610.0,2.361,45.601,13.5,91.62870159453303,96.47873955960516,-0.433,81.91
543,E05000568,The Wrythe,7000.0,36790.0,4.125,72.372,22.2,90.02263111286038,96.03463544229066,-5.462,79.987
544,E05000569,Wallington North,6844.0,38710.0,3.213,80.552,16.4,90.54460093896714,96.22535211267605,-2.453,82.378
545,E05000570,Wallington South,6235.0,37960.0,4.436,67.066,18.7,89.64705882352942,95.34313725490196,-6.064,82.566
546,E05000571,Wandle Valley,5762.0,32330.0,6.418,71.709,23.7,90.55030094582975,95.07308684436802,6.905,79.948
547,E05000572,Worcester Park,5975.0,40610.0,2.264,42.996,17.2,90.87087087087087,97.02273702273703,-0.656,84.106
548,E05000573,Bethnal Green North,17813.0,36230.0,12.453,127.962,22.1,92.44317766571658,93.15208653073157,3.279,78.221
549,E05000574,Bethnal Green South,16333.0,32860.0,10.431,140.776,21.4,91.99491740787802,92.78554284907526,5.8,79.321
550,E05000575,Blackwall and Cubitt Town,7117.0,43330.0,6.496,43.328,14.6,93.34566569035508,95.7710292379631,3.021,81.786
551,E05000576,Bow East,8026.0,36800.0,9.895,123.167,21.4,92.61890264528787,93.74873147960218,2.77,79.302
552,E05000577,Bow West,10231.0,41000.0,8.426,151.092,20.3,92.24051317721617,94.18811345544478,6.283,80.836
553,E05000578,Bromley-by-Bow,15500.0,31980.0,14.948,96.353,25.5,91.2707182320442,93.14917127071823,-1.067,81.25
554,E05000579,East India and Lansbury,13000.0,29680.0,18.652,103.996,30.7,91.0088162056666,92.32788209166162,0.788,78.166
555,E05000580,Limehouse,15000.0,36260.0,11.053,93.176,21.9,92.5497310146378,93.84461403728262,3.433,77.466
556,E05000581,Mile End and Globe Town,17556.0,34300.0,8.392,79.618,19.5,92.41606319947334,94.10796576695193,-0.99,78.555
557,E05000582,Mile End East,12955.0,32510.0,13.871,93.99,23.3,92.17462932454696,93.55249363486597,2.674,80.023
558,E05000583,Millwall,9860.0,46940.0,5.013,13.93,11.4,94.45070178478599,96.70767631259747,-4.628,82.653
559,E05000584,St Dunstan's and Stepney Green,16650.0,32930.0,11.597,83.44,26.9,90.21431210740239,92.11725581968223,5.852,78.912
560,E05000585,St Katharine's and Wapping,8633.0,50770.0,4.218,57.719,12.3,93.1190073322053,95.58456208202402,-2.054,81.461
561,E05000586,Shadwell,15450.0,36360.0,14.401,102.941,21.3,91.93249503639973,93.42819324950365,-3.87,81.248
562,E05000587,Spitalfields and Banglatown,18417.0,39910.0,10.792,82.822,17.2,93.30157495625122,93.50573595177912,-13.682,79.763
563,E05000588,Weavers,17688.0,37760.0,11.54,174.141,20.6,92.61699227623808,93.2454944722096,6.427,79.044
564,E05000589,Whitechapel,17889.0,37600.0,9.218,67.948,17.1,91.90553088413404,94.03848741757503,-9.234,77.018
565,E05000590,Cann Hall,15833.0,32700.0,10.259,82.996,19.2,92.92702369736936,94.87644032176244,0.682,79.514
566,E05000591,Cathall,12000.0,30950.0,12.92,87.24,19.3,92.81889763779527,94.65354330708662,4.181,81.472
567,E05000592,Chapel End,8056.0,36440.0,7.993,82.56,18.7,91.80746840834871,95.97472667897203,5.338,83.391
568,E05000593,Chingford Green,2851.0,39280.0,4.78,84.01,24.2,89.36521823660931,94.50763099057062,8.2,82.116
569,E05000594,Endlebury,5525.0,38580.0,4.652,80.668,23.5,89.3569431500466,94.94874184529357,3.219,85.644
570,E05000595,Forest,6550.0,36080.0,7.131,85.597,19.3,91.17297168689032,94.69426600047585,6.59,81.484
571,E05000596,Grove Green,16833.0,36350.0,7.145,92.653,15.7,92.83757874554917,95.72035058887975,-5.121,83.539
572,E05000597,Hale End and Highams Park,5196.0,39490.0,6.62,77.707,20.0,90.25099075297226,95.58784676354028,4.957,83.522
573,E05000598,Hatch Lane,4729.0,36110.0,6.538,81.52,26.2,89.65454874299151,93.61548200397903,3.301,80.397
574,E05000599,High Street,4726.0,34810.0,8.141,188.646,18.3,92.73731153111065,95.23607276845756,18.309,82.627
575,E05000600,Higham Hill,4328.0,31270.0,11.283,71.062,23.7,92.07973321206609,93.95179627103228,10.929,80.876
576,E05000601,Hoe Street,13091.0,34890.0,11.617,126.552,19.0,92.58194364577344,94.34301322599194,0.679,79.659
577,E05000602,Larkswood,5619.0,35170.0,6.394,78.014,26.2,90.28843609420481,94.05486460262857,8.537,82.292
578,E05000603,Lea Bridge,6192.0,31450.0,11.676,99.479,23.0,92.40635568885202,94.03994639780487,12.375,78.088
579,E05000604,Leyton,7400.0,31040.0,12.474,96.956,21.1,92.42808798646362,94.25408911449522,8.253,80.512
580,E05000605,Leytonstone,10269.0,38700.0,7.288,116.889,15.1,93.04293811631338,95.89253824054663,-2.961,80.643
581,E05000606,Markhouse,9733.0,33780.0,11.285,107.831,20.8,91.72777940745085,94.6611909650924,7.81,81.235
582,E05000607,Valley,5900.0,34250.0,7.825,142.071,26.1,90.48409646976582,94.3813351974834,-0.412,82.978
583,E05000608,William Morris,13650.0,35070.0,8.963,70.368,20.4,92.74248247795613,95.02600045218178,-0.088,80.363
584,E05000609,Wood Street,7694.0,35130.0,9.712,96.99,20.8,92.21274685816876,94.70377019748653,1.72,80.244
585,E05000610,Balham,12375.0,53420.0,2.28,117.676,7.1,93.61399227171039,97.29509863738052,-6.922,84.581
586,E05000611,Bedford,8222.0,46410.0,2.797,124.434,9.1,94.0720411663808,96.24699828473413,2.475,81.332
587,E05000612,Earlsfield,11214.0,44360.0,3.017,70.126,11.9,93.68203003625065,96.47203521491456,1.266,81.884
588,E05000613,East Putney,9625.0,49010.0,2.137,61.428,7.9,93.77579549993344,96.69817600852083,-7.137,83.31
589,E05000614,Fairfield,9967.0,48590.0,2.431,98.02,8.5,95.031820981318,97.064257852597,-6.493,80.777
590,E05000615,Furzedown,11179.0,38240.0,6.365,69.146,15.5,92.09236326109391,95.7172342621259,-4.774,82.366
591,E05000616,Graveney,15400.0,37960.0,5.049,124.069,14.7,92.61086985129621,95.49282800368469,-9.414,82.052
592,E05000617,Latchmere,14182.0,34990.0,7.868,110.355,17.9,93.63849459565049,94.65425185571038,-1.584,79.676
593,E05000618,Nightingale,12292.0,50790.0,2.727,99.843,8.9,93.72573063560188,96.47114926084883,-7.542,79.371
594,E05000619,Northcote,8853.0,55810.0,2.31,137.205,6.7,95.0669344042838,97.65060240963855,-0.442,84.891
595,E05000620,Queenstown,5719.0,39580.0,4.691,71.638,11.9,93.82156634621272,96.13005939624027,2.452,82.119
596,E05000621,Roehampton and Putney Heath,3864.0,30320.0,7.834,65.911,18.2,93.05107860153731,94.39003223406893,10.339,79.566
597,E05000622,St Mary's Park,12071.0,44720.0,4.762,82.877,11.4,93.5672867842474,96.38197632278327,-0.977,78.575
598,E05000623,Shaftesbury,15944.0,50410.0,2.766,117.41,10.9,93.87711864406779,96.454802259887,-9.665,81.524
599,E05000624,Southfields,10933.0,48160.0,2.641,81.577,10.1,93.8115157480315,97.20103346456693,-4.333,83.173
600,E05000625,Thamesfield,7921.0,55380.0,1.3,99.528,6.3,93.65988411265327,97.68225306562458,3.933,85.879
601,E05000626,Tooting,10563.0,36000.0,5.608,61.279,14.4,93.31855409815876,95.44306915450458,-0.671,81.111
602,E05000627,Wandsworth Common,5607.0,51420.0,2.021,74.818,11.0,93.12651669180822,96.49111300583722,3.404,80.586
603,E05000628,West Hill,9765.0,40360.0,4.637,54.986,14.3,92.75698085599318,95.84806730886477,-1.217,80.046
604,E05000629,West Putney,8389.0,43280.0,3.786,72.556,14.5,91.670058336725,95.14991181657848,-4.583,81.162
605,E05000630,Abbey Road,10318.0,52200.0,2.264,56.747,10.0,93.12,95.49333333333333,-1.117,87.919
606,E05000631,Bayswater,20700.0,49960.0,4.198,130.64,7.5,93.58252427184466,95.18446601941748,3.355,84.494
607,E05000632,Bryanston and Dorset Square,17643.0,51370.0,3.555,83.682,8.2,94.23734467517305,95.86356433992161,-7.147,85.925
608,E05000633,Churchill,16750.0,39530.0,6.58,134.897,19.1,91.16240382615929,92.48284466625078,4.608,82.84
609,E05000634,Church Street,29750.0,26290.0,12.268,70.776,28.1,90.0,89.09013605442176,0.154,80.954
610,E05000635,Harrow Road,24300.0,35000.0,10.504,85.365,18.4,91.81485790260928,92.40485291673592,-11.465,80.051
611,E05000636,Hyde Park,13000.0,46880.0,2.911,61.462,11.1,93.6286310383566,94.86438773872572,0.992,83.316
612,E05000637,Knightsbridge and Belgravia,2736.0,88330.0,0.407,61.573,5.7,94.57389428263214,98.24163969795038,12.603,90.256
613,E05000638,Lancaster Gate,22417.0,49290.0,3.287,157.369,7.1,94.24024251610459,96.04395604395604,-2.173,85.671
614,E05000639,Little Venice,18000.0,48770.0,3.326,93.046,11.5,92.3633969716919,94.16909620991254,0.326,82.896
615,E05000640,Maida Vale,17167.0,45660.0,4.688,97.347,13.2,92.54652301665034,94.05484818805093,8.907,83.526
616,E05000641,Marylebone High Street,10750.0,58370.0,1.265,64.011,5.8,94.0092610457264,97.1348639783909,-1.823,84.892
617,E05000642,Queen's Park,21250.0,32260.0,13.312,71.916,22.6,90.2730239592454,91.02921276765103,-11.694,79.951
618,E05000643,Regent's Park,5326.0,46510.0,2.373,61.497,13.0,92.54992955995691,93.9918786773846,16.86,85.367
619,E05000644,St James's,3271.0,52520.0,5.893,63.645,10.7,93.30439601034355,95.12375323236054,8.063,83.968
620,E05000645,Tachbrook,20750.0,47340.0,2.715,77.99,12.5,92.6452561902427,94.34910517283647,7.679,83.787
621,E05000646,Vincent Square,14714.0,46550.0,4.156,33.143,11.7,92.43091710052063,94.35322386864236,9.54,82.469
622,E05000647,Warwick,15917.0,50250.0,3.853,56.696,9.4,92.67798057423417,94.78065962215818,3.438,84.304
623,E05000648,Westbourne,18500.0,32390.0,9.38,83.769,22.4,92.22509601065914,91.22972019750765,5.58,78.271
624,E05000649,West End,5475.0,54970.0,3.135,91.256,9.6,94.23167848699764,95.52718676122932,-5.032,82.881
